Handle,Title,Body (HTML),Vendor,Product Category,Type,Tags,Published,Option1 Name,Option1 Value,Option1 Linked To,Option2 Name,Option2 Value,Option2 Linked To,Option3 Name,Option3 Value,Option3 Linked To,Variant SKU,Variant Grams,Variant Inventory Tracker,Variant Inventory Qty,Variant Inventory Policy,Variant Fulfillment Service,Variant Price,Variant Compare At Price,Variant Requires Shipping,Variant Taxable,Variant Barcode,Image Src,Image Position,Image Alt Text,Gift Card,SEO Title,SEO Description,Google Shopping / Google Product Category,Google Shopping / Gender,Google Shopping / Age Group,Google Shopping / MPN,Google Shopping / Condition,Google Shopping / Custom Product,Google Shopping / Custom Label 0,Google Shopping / Custom Label 1,Google Shopping / Custom Label 2,Google Shopping / Custom Label 3,Google Shopping / Custom Label 4,Google: Custom Product (product.metafields.mm-google-shopping.custom_product),Color (product.metafields.shopify.color-pattern),Exercise machine features (product.metafields.shopify.exercise-machine-features),Complementary products (product.metafields.shopify--discovery--product_recommendation.complementary_products),Related products (product.metafields.shopify--discovery--product_recommendation.related_products),Related products settings (product.metafields.shopify--discovery--product_recommendation.related_products_display),Search product boosts (product.metafields.shopify--discovery--product_search_boost.queries),Variant Image,Variant Weight Unit,Variant Tax Code,Cost per item,Status
yesoul-t1m-plus-treadmill-copy,YESOUL Treadmill T3 Plus,"<p>The YESOUL Treadmill T3 Plus features a 21.5-inch display, 1-14 km/h speed range, 10% incline electric adjustment, and a 136 kg max weight capacity. With a brushless 1.0HP motor, it offers a smooth and versatile workout experience. Ideal for fitness enthusiasts seeking performance and convenience.</p>
<p>PRODUCT NAME: YESOUL TREADMILL T3 PLUS (21.5-inch display)<br>RUNNING AREA: 450*1150mm<br>SPEED RANGE: 1-14km/h (Brushless machine 1.0HP)<br>SUPPORT: Yesoul Fitness &amp; Screen projection<br>FEATURE: 10% incline electric adjustment, central control button (speed<br>+/- adjustment, slope +/- adjustment, start/stop button)<br>GW: 38 KG<br>MAX WEIGHT CAPACITY: 300LBS≈136KG<br>CARTON DIMENTION: 1440*675*220mm</p>",PicksmartStores,Sporting Goods > Fitness & General Exercise Equipment > Cardio > Cardio Machines > Treadmills,"","",true,Title,Default Title,,,,,,,,T3 plus,38000.0,shopify,0,continue,manual,4999.00,6299.00,true,true,,https://cdn.shopify.com/s/files/1/0623/2742/3043/files/YESOULTREADMILLT3PLUS_21.5-inchdisplay_1.png?v=1742541828,1,"",false,,,994,,,,,,,,,,,,black,foldable,,,,,,kg,,2699.00,active
yesoul-t1m-plus-treadmill-copy,,,,,,,,,,,,,,,,,,,,,,,,,,,,https://cdn.shopify.com/s/files/1/0623/2742/3043/files/Screenshot2025-03-11101536.jpg?v=1742541828,2,"",,,,,,,,,,,,,,,,,,,,,,,,,,
yesoul-t3-treadmill-copy-copy,Yesoul T1M Plus Treadmill,"<p>The Yesoul T1M Plus Treadmill features a 21.5"" display, Bluetooth speakers, and speeds ranging from 1-16 km/h. It supports Yesoul Fitness, Zwift, and Kinomap apps, with a manual incline adjustment. Ideal for users up to 100kg, this foldable treadmill offers a compact design and powerful 1.0HP motor.<br><br>PRODUCT NAME: YESOUL TREADMILL T1M PLUS(Foldable)<br>STRUCTURE : 21.5 inches display(Screen projection)<br>and a speaker(AUX &amp; bluetooth)<br>SPEED RANGE: 1-16km/h(Brush machine 1.0HP)<br>APP SUPPORT: Yesoul fitness、Zwift &amp; Kinomap<br>FEATURE: Manually adjust the treadmill slope<br>POWER SUPPLY: adapter 24V/6A<br>NW/GW: 45KG/50KG<br>MAX WEIGHT CAPACITY: 100KG<br>CARTON DIMENTION: 1460*675*235mm<br></p>",PicksmartStores,Sporting Goods > Fitness & General Exercise Equipment > Cardio > Cardio Machines > Treadmills,"","",true,Title,Default Title,,,,,,,,T1m plus,50000.0,shopify,0,continue,manual,5499.00,6399.00,true,true,,https://cdn.shopify.com/s/files/1/0623/2742/3043/files/66c4098383942.png?v=1742030296,1,"",false,,,994,,,,,,,,,,,,black,foldable,,,,,,kg,,2699.00,active
yesoul-t3-treadmill-copy-copy,,,,,,,,,,,,,,,,,,,,,,,,,,,,https://cdn.shopify.com/s/files/1/0623/2742/3043/files/66debae2e310d.jpg?v=1742030295,2,"",,,,,,,,,,,,,,,,,,,,,,,,,,
yesoul-t3-treadmill-copy-copy,,,,,,,,,,,,,,,,,,,,,,,,,,,,https://cdn.shopify.com/s/files/1/0623/2742/3043/files/66debae4a5d57.jpg?v=1742030295,3,"",,,,,,,,,,,,,,,,,,,,,,,,,,
yesoul-t3-treadmill-copy-copy,,,,,,,,,,,,,,,,,,,,,,,,,,,,https://cdn.shopify.com/s/files/1/0623/2742/3043/files/66debae625b21.jpg?v=1742067261,4,"",,,,,,,,,,,,,,,,,,,,,,,,,,
yesoul-t3-treadmill-copy-copy,,,,,,,,,,,,,,,,,,,,,,,,,,,,https://cdn.shopify.com/s/files/1/0623/2742/3043/files/66debae4a9a1d.jpg?v=1742067261,5,"",,,,,,,,,,,,,,,,,,,,,,,,,,
yesoul-t3-treadmill-copy-copy,,,,,,,,,,,,,,,,,,,,,,,,,,,,https://cdn.shopify.com/s/files/1/0623/2742/3043/files/66debae67125a.jpg?v=1742067261,6,"",,,,,,,,,,,,,,,,,,,,,,,,,,
yesoul-t3-treadmill-copy-copy,,,,,,,,,,,,,,,,,,,,,,,,,,,,https://cdn.shopify.com/s/files/1/0623/2742/3043/files/66debae4c6908.jpg?v=1742067261,7,"",,,,,,,,,,,,,,,,,,,,,,,,,,
yesoul-t3-treadmill-copy-copy,,,,,,,,,,,,,,,,,,,,,,,,,,,,https://cdn.shopify.com/s/files/1/0623/2742/3043/files/66debae6a7f6a.jpg?v=1742030296,8,"",,,,,,,,,,,,,,,,,,,,,,,,,,
yesoul-t3-treadmill-copy-copy,,,,,,,,,,,,,,,,,,,,,,,,,,,,https://cdn.shopify.com/s/files/1/0623/2742/3043/files/66debae7ceddd.jpg?v=1742030295,9,"",,,,,,,,,,,,,,,,,,,,,,,,,,
yesoul-t3-treadmill-copy-copy,,,,,,,,,,,,,,,,,,,,,,,,,,,,https://cdn.shopify.com/s/files/1/0623/2742/3043/files/66debae822023.jpg?v=1742030295,10,"",,,,,,,,,,,,,,,,,,,,,,,,,,
yesoul-t3-treadmill-copy-copy,,,,,,,,,,,,,,,,,,,,,,,,,,,,https://cdn.shopify.com/s/files/1/0623/2742/3043/files/Screenshot_2025-03-11_101600.jpg?v=1742030296,11,"",,,,,,,,,,,,,,,,,,,,,,,,,,
yesoul-t3-treadmill-copy-copy,,,,,,,,,,,,,,,,,,,,,,,,,,,,https://cdn.shopify.com/s/files/1/0623/2742/3043/files/66deb7ec00944.jpg?v=1742030297,12,"",,,,,,,,,,,,,,,,,,,,,,,,,,
yesoul-w2-pro-walking-machine-lifting-copy,Yesoul T3 Treadmill,"<p>The Yesoul T3 Treadmill features a 1.0HP brushless motor with a speed range of 1-14 km/h, a 450*1200mm running area, and supports the Yesoul fitness app. It includes an LED display, smart knob for speed adjustments, and a maximum weight capacity of 136kg (300lbs). Ideal for home workouts.<br><br>PRODUCT NAME: YESOUL TREADMILL T3<br>RUNNING AREA: 450*1200mm<br>SPEED RANGE: 1-14km/h (Brushless machine 1.0HP)<br>APP SUPPORT: Yesoul fitness<br>FEATURE: LED display(Speed, distance, time, calories); Smart<br>knob(Speed +/- Adjust, pause/start)<br>GW: 38 KG<br>MAX WEIGHT CAPACITY: 300LBS≈136KG<br>CARTON DIMENTION: 1492*704*173mm<br></p>",PicksmartStores,Sporting Goods > Fitness & General Exercise Equipment > Cardio > Cardio Machines > Treadmills,"","",true,Title,Default Title,,,,,,,,T3,38000.0,shopify,0,deny,manual,2999.00,3599.00,true,true,,https://cdn.shopify.com/s/files/1/0623/2742/3043/files/YESOUL_TREADMILL_T3.png?v=1742030724,1,"",false,,,994,,,,,,,,,,,,black,foldable,,,,,,kg,,1499.00,active
yesoul-w2-pro-walking-machine-lifting-copy,,,,,,,,,,,,,,,,,,,,,,,,,,,,https://cdn.shopify.com/s/files/1/0623/2742/3043/files/Screenshot_2025-03-11_101509.jpg?v=1742030724,2,"",,,,,,,,,,,,,,,,,,,,,,,,,,
yesoul-w2-walking-machine-copy,Yesoul W2 Pro Walking Machine (Lifting),"<p>The Yesoul W2 Pro Walking Pad features a 400 x 1150mm running band, a 0.75hp brushless motor, and a speed range of 1-6km/h. It includes an LED display for tracking speed, distance, time, calories, and steps, along with 8% electric incline adjustment and LED atmosphere lighting. Supporting up to 136kg, it pairs with the Yesoul Fitness app for a smart workout experience.<br><br>PRODUCT NAME: YESOUL WALKING PAD W2 (LIFTING ADJUSTMENT)<br>RUNNING BAND SIZE: 400 x 1150mm<br>SPEED RANGE: 1-6km/h (Brushless motor 0.75hp)<br>APP SUPPORT: YESOUL FITNESS<br>FEATURE : LED display(Speed, distance, time, calories, steps), 8% incline electric adjustment, LED light atmosphere light<br>MAX WEIGHT CAPACITY: 300LBS≈136KG<br>CARTON DIMENTION: /<br><br><br><br></p>",PicksmartStores,Sporting Goods > Fitness & General Exercise Equipment > Cardio > Cardio Machines > Treadmills,"","",true,Title,Default Title,,,,,,,,w2 pro,22500.0,shopify,0,deny,manual,2499.00,2799.00,true,true,,https://cdn.shopify.com/s/files/1/0623/2742/3043/files/YESOULWALKINGPADW2-Pro_Electriclift_fang.png?v=1742066668,1,"",false,,,994,,,,,,,,,,,,black,foldable,,,,,,kg,,1299.00,active
yesoul-w2-walking-machine-copy,,,,,,,,,,,,,,,,,,,,,,,,,,,,https://cdn.shopify.com/s/files/1/0623/2742/3043/files/Screenshot2025-03-11101436.jpg?v=1742066668,2,"",,,,,,,,,,,,,,,,,,,,,,,,,,
yesoul-w1-walking-machine-copy,Yesoul W2 Walking Machine,"<p>The Yesoul W2 Walking Pad features a 400 x 1150mm running band, a 0.75hp brushless motor, and a speed range of 1-6km/h. It includes an LED display for tracking speed, distance, time, calories, and steps, along with LED atmosphere lighting. Supporting up to 136kg, it pairs with the Yesoul Fitness app for a smart workout experience.<br><br>PRODUCT NAME: YESOUL WALKING PAD W2<br>RUNNING BAND SIZE: 400 x 1150mm<br>SPEED RANGE: 1-6km/h (Brushless motor 0.75hp)<br>APP SUPPORT: YESOUL FITNESS<br>FEATURE : LED display(Speed, distance, time, calories, steps), LED light atmosphere light<br>MAX WEIGHT CAPACITY: 300LBS≈136KG<br>CARTON DIMENTION: /<br></p>",PicksmartStores,Sporting Goods > Fitness & General Exercise Equipment > Cardio > Cardio Machines > Treadmills,"","",true,Title,Default Title,,,,,,,,w2,22500.0,shopify,0,deny,manual,1999.00,2399.00,true,true,,https://cdn.shopify.com/s/files/1/0623/2742/3043/files/YESOULW2WALKINGPAD_1.png?v=1742066683,1,"",false,,,994,,,,,,,,,,,,black,foldable,,,,,,kg,,999.00,active
yesoul-w1-walking-machine-copy,,,,,,,,,,,,,,,,,,,,,,,,,,,,https://cdn.shopify.com/s/files/1/0623/2742/3043/files/Screenshot2025-03-11101400.jpg?v=1742066683,2,"",,,,,,,,,,,,,,,,,,,,,,,,,,
yesoul-r1-plus-rowing-machine-copy,Yesoul W1 Walking Machine,"<p>The Yesoul W1 Walking Pad features Bluetooth app support and a brushless 0.75HP motor. With a running band size of 2120*390mm, it supports up to 120kg and is compact, with a lightweight design for easy storage. Ideal for home fitness, it operates on a 220V power supply.<br><br>PRODUCT NAME: YESOUL WALKING PAD W1<br>FEATURE : Bluetooth app support、brushless machine 0.75HP<br>RATED VOLTAGE: 220V<br>RUNNING BAND SIZE: 2120*390*T1.4mm<br>NW/GW: 19KG/22.5KG<br>MAX WEIGHT CAPACITY: 120KG<br>CARTON DIMENTION: 1255*575*132mm<br></p>",PicksmartStores,Sporting Goods > Fitness & General Exercise Equipment > Cardio > Cardio Machines > Treadmills,"","",true,Title,Default Title,,,,,,,,W1,22500.0,shopify,0,deny,manual,1999.00,2399.00,true,true,,https://cdn.shopify.com/s/files/1/0623/2742/3043/files/66c409fb869dc.png?v=1741963303,1,"",false,,,994,,,,,,,,,,,,black,foldable,,,,,,kg,,999.00,active
yesoul-r1-plus-rowing-machine-copy,,,,,,,,,,,,,,,,,,,,,,,,,,,,https://cdn.shopify.com/s/files/1/0623/2742/3043/files/Screenshot_2025-03-11_101330.jpg?v=1741963322,2,"",,,,,,,,,,,,,,,,,,,,,,,,,,
yesoul-r1-rowing-machine-copy,Yesoul R1 Plus Rowing Machine,"<p>The Yesoul R1 Plus Rowing Machine features a 21.5-inch display with screen projection, AUX &amp; Bluetooth speakers, and compatibility with Yesoul Fitness, Zwift, and Kinomap. With a 3.5kg magnetic control flywheel, 120kg weight capacity, and 24V power supply, it's a foldable, high-performance option for home workouts.<br><br>PRODUCT NAME: :YESOUL ROWING MACHINE R1 PLUS(Foldable)<br>STRUCTURE : 21.5 inches display(Screen projection)<br>and a speaker(AUX &amp; bluetooth)<br>APP CONNECTION: Yesoul fitness、Zwift&amp;Kinomap<br>FLYWHEEL WEIGHT: 3.5KG(Magnetic control)<br>POWER SUPPLY: adapter 24V*2A<br>MAX WEIGHT CAPACITY: 120KG<br>NW/GW: 28KG/31KG<br>PACKAGE DIMENTION: 1165*215*650mm<br></p>",PicksmartStores,Sporting Goods > Fitness & General Exercise Equipment > Cardio > Cardio Machines > Rowing Machines,"","",true,Title,Default Title,,,,,,,,R1 plus,31000.0,shopify,0,deny,manual,2999.00,4299.00,true,true,,https://cdn.shopify.com/s/files/1/0623/2742/3043/files/66deb9aaa3ef2.jpg?v=1741961980,1,"",false,,,994,,,,,,,,,,,,black,foldable,,,,,,kg,,1599.00,active
yesoul-r1-rowing-machine-copy,,,,,,,,,,,,,,,,,,,,,,,,,,,,https://cdn.shopify.com/s/files/1/0623/2742/3043/files/66deb9ac4b78e.jpg?v=1741961981,2,"",,,,,,,,,,,,,,,,,,,,,,,,,,
yesoul-r1-rowing-machine-copy,,,,,,,,,,,,,,,,,,,,,,,,,,,,https://cdn.shopify.com/s/files/1/0623/2742/3043/files/66deb9ac48ae9.jpg?v=1741961981,3,"",,,,,,,,,,,,,,,,,,,,,,,,,,
yesoul-r1-rowing-machine-copy,,,,,,,,,,,,,,,,,,,,,,,,,,,,https://cdn.shopify.com/s/files/1/0623/2742/3043/files/66c43ad58d49d.png?v=1741961981,4,"",,,,,,,,,,,,,,,,,,,,,,,,,,
yesoul-r1-rowing-machine-copy,,,,,,,,,,,,,,,,,,,,,,,,,,,,https://cdn.shopify.com/s/files/1/0623/2742/3043/files/66deb9aa83a87.jpg?v=1741961981,5,"",,,,,,,,,,,,,,,,,,,,,,,,,,
yesoul-r1-rowing-machine-copy,,,,,,,,,,,,,,,,,,,,,,,,,,,,https://cdn.shopify.com/s/files/1/0623/2742/3043/files/66deb9aa7283a.jpg?v=1741961981,6,"",,,,,,,,,,,,,,,,,,,,,,,,,,
yesoul-r1-rowing-machine-copy,,,,,,,,,,,,,,,,,,,,,,,,,,,,https://cdn.shopify.com/s/files/1/0623/2742/3043/files/66deb9ae274ba.jpg?v=1741961981,7,"",,,,,,,,,,,,,,,,,,,,,,,,,,
yesoul-r1-rowing-machine-copy,,,,,,,,,,,,,,,,,,,,,,,,,,,,https://cdn.shopify.com/s/files/1/0623/2742/3043/files/Screenshot2025-03-11101738.jpg?v=1741961981,8,"",,,,,,,,,,,,,,,,,,,,,,,,,,
yesoul-j1-plus-exercise-bike-copy,Yesoul R1 Rowing Machine,"<p>The Yesoul R1 Rowing Machine is a foldable model featuring a 3.5kg magnetic control flywheel and a 120kg weight capacity. It includes a phone or iPad stand and is powered by 5 AA batteries, offering a compact and convenient design for a powerful, space-saving workout experience.<br><br>PRODUCT NAME: YESOUL ROWING MACHINE R1(Foldable)<br>FEATURE: Phone or Ipad stand<br>POWER SUPPLY : 5AA battery<br>FLYWHEEL WEIGHT: 3.5KG(Magnetic control)<br>MAX WEIGHT CAPACITY : 120KG<br>NW/GW: 24KG/27KG<br>PACKAGE DIMENTION: 1165mmx215mmx660m<br></p>",PicksmartStores,Sporting Goods > Fitness & General Exercise Equipment > Cardio > Cardio Machines > Rowing Machines,"","",true,Title,Default Title,,,,,,,,R1,27000.0,shopify,0,deny,manual,1999.00,3199.00,true,true,,https://cdn.shopify.com/s/files/1/0623/2742/3043/files/66c4018e762fe.png?v=1742030752,1,"",false,,,994,,,,,,,,,,,,black,foldable,,,,,,kg,,999.00,active
yesoul-j1-plus-exercise-bike-copy,,,,,,,,,,,,,,,,,,,,,,,,,,,,https://cdn.shopify.com/s/files/1/0623/2742/3043/files/Screenshot_2025-03-11_101716.jpg?v=1742030752,2,"",,,,,,,,,,,,,,,,,,,,,,,,,,
yesoul-v5-exercise-bike-copy-1,Yesoul J1 Plus Exercise Bike,"<p>The Yesoul J1 Plus Exercise Bike features a 21.5-inch display with screen projection, AUX &amp; Bluetooth speakers, and compatibility with Yesoul Fitness, Zwift, and Kinomap. It offers a 4kg magnetic control flywheel, a 120kg weight capacity, and is powered by a 24V adapter, providing an immersive and durable workout experience.<br><br>PRODUCT NAME: YESOUL EXERCISE BIKE J1 PLUS<br>STRUCTURE : 21.5 inches display(Screen projection)<br>and a speaker(AUX &amp; bluetooth)<br>APP CONNECTION: Yesoul fitness、Zwift&amp;Kinomap<br>FLYWHEEL WEIGHT: 4KG(Magnetic control)<br>POWER SUPPLY: adapter 24V*2A<br>MAX WEIGHT CAPACITY: 120KG<br>NW/GW: 44.8KG/50KG<br>PACKAGE DIMENTION: 820*460*670mm<br></p>",PicksmartStores,Sporting Goods > Fitness & General Exercise Equipment > Cardio > Cardio Machines > Exercise Bikes > Upright Exercise Bikes,"","",true,Title,Default Title,,,,,,,,J1 PLUS,50000.0,shopify,0,deny,manual,4999.00,5599.00,true,true,,https://cdn.shopify.com/s/files/1/0623/2742/3043/files/66c442385c568.png?v=1741943083,1,"",false,,,994,,,,,,,,,,,,black,foldable,,,,,,kg,,2499.00,active
yesoul-v5-exercise-bike-copy-1,,,,,,,,,,,,,,,,,,,,,,,,,,,,https://cdn.shopify.com/s/files/1/0623/2742/3043/files/66deb6b6cdec7.jpg?v=1741943083,2,"",,,,,,,,,,,,,,,,,,,,,,,,,,
yesoul-v5-exercise-bike-copy-1,,,,,,,,,,,,,,,,,,,,,,,,,,,,https://cdn.shopify.com/s/files/1/0623/2742/3043/files/66deb6b7a2e95.jpg?v=1741943083,3,"",,,,,,,,,,,,,,,,,,,,,,,,,,
yesoul-v5-exercise-bike-copy-1,,,,,,,,,,,,,,,,,,,,,,,,,,,,https://cdn.shopify.com/s/files/1/0623/2742/3043/files/66deb6b9a858e.jpg?v=1741943083,4,"",,,,,,,,,,,,,,,,,,,,,,,,,,
yesoul-v5-exercise-bike-copy-1,,,,,,,,,,,,,,,,,,,,,,,,,,,,https://cdn.shopify.com/s/files/1/0623/2742/3043/files/66deb6b9e8178.jpg?v=1741943083,5,"",,,,,,,,,,,,,,,,,,,,,,,,,,
yesoul-v5-exercise-bike-copy-1,,,,,,,,,,,,,,,,,,,,,,,,,,,,https://cdn.shopify.com/s/files/1/0623/2742/3043/files/66deb6b75751a.jpg?v=1741943083,6,"",,,,,,,,,,,,,,,,,,,,,,,,,,
yesoul-v5-exercise-bike-copy-1,,,,,,,,,,,,,,,,,,,,,,,,,,,,https://cdn.shopify.com/s/files/1/0623/2742/3043/files/66deb6b9bf1a8.jpg?v=1741943083,7,"",,,,,,,,,,,,,,,,,,,,,,,,,,
yesoul-v5-exercise-bike-copy-1,,,,,,,,,,,,,,,,,,,,,,,,,,,,https://cdn.shopify.com/s/files/1/0623/2742/3043/files/Screenshot2025-03-11101245.jpg?v=1741943083,8,"",,,,,,,,,,,,,,,,,,,,,,,,,,
yesoul-v5-exercise-bike-copy,Yesoul J1 Exercise Bike,"<p>The Yesoul J1 Exercise Bike features a 4kg magnetic control flywheel, an electronic stopwatch, and a 120kg weight capacity. Powered by 5 AA batteries, it offers a reliable and efficient workout experience with a compact design for easy storage.<br><br>PRODUCT NAME: YESOUL EXERCISE BIKE J1<br>FEATURE: Electronic stopwatch<br>POWER SUPPLY: 5AA battery<br>FLYWHEEL WEIGHT: 4KG(Magnetic control)<br>MAX WEIGHT CAPACITY: 120KG<br>NW/GW: 41KG/45.5KG<br>PACKAGE DIMENTION: 820mmx460mmx670mm<br></p>",PicksmartStores,Sporting Goods > Fitness & General Exercise Equipment > Cardio > Cardio Machines > Exercise Bikes > Upright Exercise Bikes,"","",true,Title,Default Title,,,,,,,,J1,45500.0,shopify,0,deny,manual,3299.00,3999.00,true,true,,https://cdn.shopify.com/s/files/1/0623/2742/3043/files/66c441ac2ba23.png?v=1741942632,1,"",false,,,994,,,,,,,,,,,,black,foldable,,,,,,kg,,1599.00,active
yesoul-v5-exercise-bike-copy,,,,,,,,,,,,,,,,,,,,,,,,,,,,https://cdn.shopify.com/s/files/1/0623/2742/3043/files/Screenshot_2025-03-11_101221.jpg?v=1741942631,2,"",,,,,,,,,,,,,,,,,,,,,,,,,,
yesoul-v1-exercise-bike-copy,Yesoul V5 Exercise Bike,"<p>The Yesoul V5 Exercise Bike is designed for light commercial use, featuring a 16kg flywheel and magnetic resistance. It supports Yesoul Fitness, Kinomap, and Zwift, with a smart touchable knob for fitness data and intelligent reverse resistance adjustment. With a 150kg weight capacity, it's built for durability and performance.<br><br>SOFTWARE SUPPORT: Yesoul Fitness/Kinomap/Zwift<br>TYPE: For light commercial use<br>CONTROL CONSOLE: Smart touchable knob for viewing fitness data;<br>Intelligent reverse resistance adjustment<br>RESISTANCE SYSTEM: Magnetic resistance<br>OUTER BOX SIZE: 1085*250*890mm<br>FLYWHEEL WEIGHT: 16KG<br>RATED MAX LOAD: 150KG<br>NW/GW: 43.5KG/48.5KG<br></p>",PicksmartStores,Sporting Goods > Fitness & General Exercise Equipment > Cardio > Cardio Machines > Exercise Bikes > Upright Exercise Bikes,"","",true,Color,black,product.metafields.shopify.color-pattern,,,,,,,"",48500.0,shopify,0,deny,manual,3799.00,4999.00,true,true,"",https://cdn.shopify.com/s/files/1/0623/2742/3043/files/668669b7cc12a.png?v=1741941519,1,"",false,,,994,,,,,,,,,,,,black,foldable,,,,,,kg,,1999.00,active
yesoul-v1-exercise-bike-copy,,,,,,,,,,,,,,,,,,,,,,,,,,,,https://cdn.shopify.com/s/files/1/0623/2742/3043/files/668669b596663.png?v=1741941519,2,"",,,,,,,,,,,,,,,,,,,,,,,,,,
yesoul-v1-exercise-bike-copy,,,,,,,,,,,,,,,,,,,,,,,,,,,,https://cdn.shopify.com/s/files/1/0623/2742/3043/files/6686679dde665.png?v=1741941519,3,"",,,,,,,,,,,,,,,,,,,,,,,,,,
yesoul-g1m-plus-exercise-bike-copy,Yesoul V1 Exercise Bike,"<p>The Yesoul V1 Exercise Bike is compatible with Yesoul Fitness, Zwift, and Kinomap. It features a 6.5kg flywheel, supports up to 120kg, and is powered by a CR2477 button battery. With CE, ROHS, and REACH certifications, it offers a sturdy and compact design for an enhanced indoor cycling experience.<br><br>SOFTWARE SUPPORT: Yesoul Fitness/Zwift/Kinomap<br>POWER SUPPORT: button battery(mold no.CR2477)<br>RATED MAX WEIGHT: 120kg(264.55lbs)<br>NW/GW: 29.5kg/35kg<br>FLYWHEEL WEIGHT: 6.5kg<br>PACKAGE SIZE: 965*220*950mm<br>CERTIFICATE: CE/ROHS/REACH<br></p>",PicksmartStores,Sporting Goods > Fitness & General Exercise Equipment > Cardio > Cardio Machines > Exercise Bikes > Upright Exercise Bikes,"","",true,Color,black,product.metafields.shopify.color-pattern,,,,,,,"",35000.0,shopify,0,deny,manual,5999.00,6599.00,true,true,"",https://cdn.shopify.com/s/files/1/0623/2742/3043/files/202111231141151528.jpg?v=1741940723,1,"",false,,,994,,,,,,,,,,,,black; white,foldable,,,,,,kg,,2999.00,active
yesoul-g1m-plus-exercise-bike-copy,,,,,,,,,white,,,,,,,,"",35000.0,shopify,0,deny,manual,5999.00,6599.00,true,true,"",https://cdn.shopify.com/s/files/1/0623/2742/3043/files/202111231141151748.jpg?v=1741940723,2,"",,,,,,,,,,,,,,,,,,,,,,,kg,,2999.00,
yesoul-g1m-plus-exercise-bike-copy,,,,,,,,,,,,,,,,,,,,,,,,,,,,https://cdn.shopify.com/s/files/1/0623/2742/3043/files/202111231141153408.jpg?v=1741940723,3,"",,,,,,,,,,,,,,,,,,,,,,,,,,
yesoul-g1m-plus-exercise-bike-copy,,,,,,,,,,,,,,,,,,,,,,,,,,,,https://cdn.shopify.com/s/files/1/0623/2742/3043/files/202111231141162908.jpg?v=1741940723,4,"",,,,,,,,,,,,,,,,,,,,,,,,,,
yesoul-g1m-plus-exercise-bike-copy,,,,,,,,,,,,,,,,,,,,,,,,,,,,https://cdn.shopify.com/s/files/1/0623/2742/3043/files/202111231141172555.jpg?v=1741940723,5,"",,,,,,,,,,,,,,,,,,,,,,,,,,
yesoul-g1m-plus-exercise-bike-copy,,,,,,,,,,,,,,,,,,,,,,,,,,,,https://cdn.shopify.com/s/files/1/0623/2742/3043/files/202111231141173558.jpg?v=1741940723,6,"",,,,,,,,,,,,,,,,,,,,,,,,,,
yesoul-g1m-plus-exercise-bike-copy,,,,,,,,,,,,,,,,,,,,,,,,,,,,https://cdn.shopify.com/s/files/1/0623/2742/3043/files/202111231141176553.jpg?v=1741940723,7,"",,,,,,,,,,,,,,,,,,,,,,,,,,
yesoul-g1m-plus-exercise-bike-copy,,,,,,,,,,,,,,,,,,,,,,,,,,,,https://cdn.shopify.com/s/files/1/0623/2742/3043/files/202111231141176926.jpg?v=1741940723,8,"",,,,,,,,,,,,,,,,,,,,,,,,,,
yesoul-g1m-plus-exercise-bike-copy,,,,,,,,,,,,,,,,,,,,,,,,,,,,https://cdn.shopify.com/s/files/1/0623/2742/3043/files/202111231141178600.jpg?v=1741940723,9,"",,,,,,,,,,,,,,,,,,,,,,,,,,
yesoul-g1m-plus-exercise-bike-copy,,,,,,,,,,,,,,,,,,,,,,,,,,,,https://cdn.shopify.com/s/files/1/0623/2742/3043/files/202111231141185043.jpg?v=1741940723,10,"",,,,,,,,,,,,,,,,,,,,,,,,,,
yesoul-g1m-plus-exercise-bike-copy,,,,,,,,,,,,,,,,,,,,,,,,,,,,https://cdn.shopify.com/s/files/1/0623/2742/3043/files/202112251009371373.jpg?v=1741940723,11,"",,,,,,,,,,,,,,,,,,,,,,,,,,
yesoul-g1m-plus-exercise-bike-copy,,,,,,,,,,,,,,,,,,,,,,,,,,,,https://cdn.shopify.com/s/files/1/0623/2742/3043/files/202112251101489341.jpg?v=1741940723,12,"",,,,,,,,,,,,,,,,,,,,,,,,,,
yesoul-g1m-plus-exercise-bike-copy,,,,,,,,,,,,,,,,,,,,,,,,,,,,https://cdn.shopify.com/s/files/1/0623/2742/3043/files/Screenshot2025-03-11100944.jpg?v=1741940723,13,"",,,,,,,,,,,,,,,,,,,,,,,,,,
yesoul-g1m-plus-exercise-bike-copy,,,,,,,,,,,,,,,,,,,,,,,,,,,,https://cdn.shopify.com/s/files/1/0623/2742/3043/files/202111231141178616.jpg?v=1741940723,14,"",,,,,,,,,,,,,,,,,,,,,,,,,,
yesoul-g1m-plus-exercise-bike-copy,,,,,,,,,,,,,,,,,,,,,,,,,,,,https://cdn.shopify.com/s/files/1/0623/2742/3043/files/Screenshot2025-03-11100845.jpg?v=1741940723,15,"",,,,,,,,,,,,,,,,,,,,,,,,,,
yesoul-a1-exercise-bike-copy,Yesoul G1M Plus Exercise Bike,"<p>The Yesoul G1M Plus Exercise Bike features a 21.5-inch 1080P display with double subwoofers, offering a premium workout experience. It supports projection screen and third-party apps, has a 120kg weight capacity, and comes in a compact design for easy storage.<br><br>DISPLAY: 21.5 inches TV (1080P)<br>SPEAKER: Double subwoofer<br>FUNCTION: Projection Screen and support for third-party apps<br>NW/GW: 35kg/41kg<br>MAX WEIGHT CAPACITY: 120kg<br>PRODUCT SIZE: 1295mmx530mmx1450mm<br>CARTON SIZE: 1065mmx250mmx830mm<br></p>",PicksmartStores,Sporting Goods > Fitness & General Exercise Equipment > Cardio > Cardio Machines > Exercise Bikes > Upright Exercise Bikes,"","",true,Color,black,product.metafields.shopify.color-pattern,,,,,,,G1M-1,41000.0,shopify,0,deny,manual,3999.00,4599.00,true,true,"",https://cdn.shopify.com/s/files/1/0623/2742/3043/files/65716c0d82f5e.png?v=1741940130,1,"",false,,,994,,,,,,,,,,,,black; white,foldable,,,,,,kg,,1999.00,active
yesoul-a1-exercise-bike-copy,,,,,,,,,white,,,,,,,,G1M-2,41000.0,shopify,0,deny,manual,3999.00,4599.00,true,true,"",https://cdn.shopify.com/s/files/1/0623/2742/3043/files/657169df4a352.png?v=1741940402,2,"",,,,,,,,,,,,,,,,,,,,,,,kg,,1999.00,
yesoul-a1-exercise-bike-copy,,,,,,,,,,,,,,,,,,,,,,,,,,,,https://cdn.shopify.com/s/files/1/0623/2742/3043/files/Screenshot2025-03-11101131.jpg?v=1741940402,3,"",,,,,,,,,,,,,,,,,,,,,,,,,,
yesoul-a1-exercise-bike-copy,,,,,,,,,,,,,,,,,,,,,,,,,,,,https://cdn.shopify.com/s/files/1/0623/2742/3043/files/67174f3a6ecb3.png?v=1741940402,4,"",,,,,,,,,,,,,,,,,,,,,,,,,,
yesoul-a1-exercise-bike-copy,,,,,,,,,,,,,,,,,,,,,,,,,,,,https://cdn.shopify.com/s/files/1/0623/2742/3043/files/657169de5a1ed.jpg?v=1741940402,5,"",,,,,,,,,,,,,,,,,,,,,,,,,,
yesoul-a1-exercise-bike-copy,,,,,,,,,,,,,,,,,,,,,,,,,,,,https://cdn.shopify.com/s/files/1/0623/2742/3043/files/67174f5854dad.png?v=1741940130,6,"",,,,,,,,,,,,,,,,,,,,,,,,,,
yesoul-a1-exercise-bike-copy,,,,,,,,,,,,,,,,,,,,,,,,,,,,https://cdn.shopify.com/s/files/1/0623/2742/3043/files/657169dcacf8d.jpg?v=1741940129,7,"",,,,,,,,,,,,,,,,,,,,,,,,,,
yesoul-a1-exercise-bike-copy,,,,,,,,,,,,,,,,,,,,,,,,,,,,https://cdn.shopify.com/s/files/1/0623/2742/3043/files/657169df83451.jpg?v=1741940129,8,"",,,,,,,,,,,,,,,,,,,,,,,,,,
yesoul-a1-exercise-bike-copy,,,,,,,,,,,,,,,,,,,,,,,,,,,,https://cdn.shopify.com/s/files/1/0623/2742/3043/files/650917813bb9c.png?v=1741940129,9,"",,,,,,,,,,,,,,,,,,,,,,,,,,
yesoul-a1-exercise-bike-copy,,,,,,,,,,,,,,,,,,,,,,,,,,,,https://cdn.shopify.com/s/files/1/0623/2742/3043/files/Screenshot2025-03-11101042.jpg?v=1741940129,10,"",,,,,,,,,,,,,,,,,,,,,,,,,,
yesoul-a1-exercise-bike-copy,,,,,,,,,,,,,,,,,,,,,,,,,,,,https://cdn.shopify.com/s/files/1/0623/2742/3043/files/Screenshot2025-03-11101155.jpg?v=1741940129,11,"",,,,,,,,,,,,,,,,,,,,,,,,,,
yesoul-c1a-exercise-bike-copy-copy,Yesoul A1 Exercise Bike,"<article class=""w-full text-token-text-primary focus-visible:outline-2 focus-visible:outline-offset-[-4px]"" dir=""auto"" data-testid=""conversation-turn-23"" data-scroll-anchor=""true"">
<div class=""text-base my-auto mx-auto py-[18px] px-6"">
<div class=""mx-auto flex flex-1 text-base gap-4 md:gap-5 lg:gap-6 md:max-w-3xl"">
<div class=""group/conversation-turn relative flex w-full min-w-0 flex-col agent-turn @xs/thread:px-0 @sm/thread:px-1.5 @md/thread:px-4"">
<div class=""flex-col gap-1 md:gap-3"">
<div class=""flex max-w-full flex-col flex-grow"">
<div data-message-author-role=""assistant"" data-message-id=""15af205f-be0f-4c1a-a641-3e1b3ef7ba84"" dir=""auto"" class=""min-h-8 text-message relative flex w-full flex-col items-end gap-2 whitespace-normal break-words text-start [.text-message+&amp;]:mt-5"" data-message-model-slug=""gpt-4o-mini"">
<div class=""flex w-full flex-col gap-1 empty:hidden first:pt-[3px]"">
<div class=""markdown prose w-full break-words dark:prose-invert light"">
<p data-start=""0"" data-end=""298"" data-is-last-node="""" data-is-only-node="""">The Yesoul A1<span style=""font-size: 0.875rem;""> Exercise Bike is compatible with Yesoul Fitness, Kinomap, and Zwift. It features a 6kg flywheel, friction resistance, and a small display for fitness tracking. Supporting up to 120kg, it is powered by 5 AA batteries, offering about six months of use with 15 minutes of daily exercise.</span></p>
</div>
</div>
</div>
</div>
<div class=""mb-2 flex gap-3 -ml-2"" tabindex=""0"">
<div class=""flex items-center justify-start rounded-xl p-1"">
<div class=""flex items-center"">
<span class="""" data-state=""closed""><button class=""rounded-lg text-token-text-secondary hover:bg-token-main-surface-secondary"" aria-label=""Copy"" data-testid=""copy-turn-action-button""><span class=""flex h-[30px] w-[30px] items-center justify-center""><svg width=""24"" height=""24"" viewbox=""0 0 24 24"" fill=""none"" xmlns=""http://www.w3.org/2000/svg"" class=""icon-md-heavy""><path fill-rule=""evenodd"" clip-rule=""evenodd"" d=""M7 5C7 3.34315 8.34315 2 10 2H19C20.6569 2 22 3.34315 22 5V14C22 15.6569 20.6569 17 19 17H17V19C17 20.6569 15.6569 22 14 22H5C3.34315 22 2 20.6569 2 19V10C2 8.34315 3.34315 7 5 7H7V5ZM9 7H14C15.6569 7 17 8.34315 17 10V15H19C19.5523 15 20 14.5523 20 14V5C20 4.44772 19.5523 4 19 4H10C9.44772 4 9 4.44772 9 5V7ZM5 9C4.44772 9 4 9.44772 4 10V19C4 19.5523 4.44772 20 5 20H14C14.5523 20 15 19.5523 15 19V10C15 9.44772 14.5523 9 14 9H5Z"" fill=""currentColor""></path></svg></span></button></span><span class=""hidden""></span>
</div>
</div>
</div>
<div class=""mt-3 w-full empty:hidden"">
<div class=""text-center"">SOFTWARE SUPPORT: Yesoul Fitness/Kinomap/Zwift<br>FUNCTION: With a small display for viewing fitness data<br>RESISTANCE SYSTEM: Friction resistance<br>OUTER BOX SIZE: 930*195*820 mm<br>FLYWHEEL WEIGHT: 6KG<br>RATED MAX LOAD: 120KG<br>NW/GW: 24kg/28kg<br>POWER SUPPLY AND BATTERY LIFE: 5AA BATTERY, 15 MINUTES PER<br>DAY FOR ABOUT HALF A YEAR</div>
</div>
</div>
<div class=""absolute"">
<div class=""flex items-center justify-center""><svg width=""24"" height=""24"" viewbox=""0 0 24 24"" fill=""none"" xmlns=""http://www.w3.org/2000/svg"" class=""icon-md""><path d=""M7.5 13.25C7.98703 13.25 8.45082 13.1505 8.87217 12.9708C8.46129 14.0478 7.62459 15.5792 6.35846 15.76C5.81173 15.8382 5.43183 16.3447 5.50993 16.8914C5.58804 17.4382 6.09457 17.8181 6.6413 17.7399C9.19413 17.3753 10.7256 14.4711 11.169 12.1909C11.4118 10.942 11.3856 9.58095 10.8491 8.44726C10.2424 7.16517 8.92256 6.24402 7.48508 6.25001C5.55895 6.25805 4 7.82196 4 9.74998C4 11.683 5.567 13.25 7.5 13.25Z"" fill=""currentColor""></path><path d=""M16.18 13.25C16.667 13.25 17.1308 13.1505 17.5522 12.9708C17.1413 14.0478 16.3046 15.5792 15.0385 15.76C14.4917 15.8382 14.1118 16.3447 14.1899 16.8914C14.268 17.4382 14.7746 17.8181 15.3213 17.7399C17.8741 17.3753 19.4056 14.4711 19.849 12.1909C20.0918 10.942 20.0656 9.58095 19.5291 8.44726C18.9224 7.16517 17.6026 6.24402 16.1651 6.25001C14.2389 6.25805 12.68 7.82196 12.68 9.74998C12.68 11.683 14.247 13.25 16.18 13.25Z"" fill=""currentColor""></path></svg></div>
</div>
</div>
</div>
</div>
</article>",PicksmartStores,Sporting Goods > Fitness & General Exercise Equipment > Cardio > Cardio Machines > Exercise Bikes > Spin Exercise Bikes,"","",true,Color,black,product.metafields.shopify.color-pattern,,,,,,,A1,28000.0,shopify,0,deny,manual,2699.00,3599.00,true,true,"",https://cdn.shopify.com/s/files/1/0623/2742/3043/files/668673388b54d_730b674a-1a32-433f-b396-2723e44b1cc7.png?v=1742066817,1,"",false,,,994,,,,,,,,,,,,black; white,foldable,,,,,,kg,,1349.00,active
yesoul-c1a-exercise-bike-copy-copy,,,,,,,,,white,,,,,,,,A2,28000.0,shopify,0,deny,manual,2699.00,3599.00,true,true,"",https://cdn.shopify.com/s/files/1/0623/2742/3043/files/6686733a2bbac_5675f8f2-4b22-4efc-b3db-9235e5685046.png?v=1742066817,2,"",,,,,,,,,,,,,,,,,,,,,,,kg,,1349.00,
yesoul-c1a-exercise-bike-copy-copy,,,,,,,,,,,,,,,,,,,,,,,,,,,,https://cdn.shopify.com/s/files/1/0623/2742/3043/files/66867339e9c9c_7c4b30ff-5139-43e9-a096-4939b31b48ac.png?v=1742066817,3,"",,,,,,,,,,,,,,,,,,,,,,,,,,
yesoul-c1a-exercise-bike-copy-copy,,,,,,,,,,,,,,,,,,,,,,,,,,,,https://cdn.shopify.com/s/files/1/0623/2742/3043/files/668673387cf70_1_07ef4b38-2a97-4e0a-b430-57b458b455c9.png?v=1742066817,4,"",,,,,,,,,,,,,,,,,,,,,,,,,,
yesoul-c1a-exercise-bike-copy-copy,,,,,,,,,,,,,,,,,,,,,,,,,,,,https://cdn.shopify.com/s/files/1/0623/2742/3043/files/668673387cf70_d4511c16-d8a5-4b7d-8e27-ed46e1f0ce8b.png?v=1742066817,5,"",,,,,,,,,,,,,,,,,,,,,,,,,,
yesoul-c1a-exercise-bike-copy-copy,,,,,,,,,,,,,,,,,,,,,,,,,,,,https://cdn.shopify.com/s/files/1/0623/2742/3043/files/6620c56cc1b9d_d746301d-c203-4f44-b663-e8279298bc8a.png?v=1741935296,6,"",,,,,,,,,,,,,,,,,,,,,,,,,,
yesoul-c1a-exercise-bike-copy-copy,,,,,,,,,,,,,,,,,,,,,,,,,,,,https://cdn.shopify.com/s/files/1/0623/2742/3043/files/6686733a3f25e_2b820f8f-eed1-4750-935a-3bacb96acaa7.jpg?v=1741935296,7,"",,,,,,,,,,,,,,,,,,,,,,,,,,
yesoul-c1a-exercise-bike-copy-copy,,,,,,,,,,,,,,,,,,,,,,,,,,,,https://cdn.shopify.com/s/files/1/0623/2742/3043/files/6686733b1cc07_cd981748-bb55-47a4-ac7d-d29c85ca3d2a.jpg?v=1741935296,8,"",,,,,,,,,,,,,,,,,,,,,,,,,,
yesoul-c1a-exercise-bike-copy-copy,,,,,,,,,,,,,,,,,,,,,,,,,,,,https://cdn.shopify.com/s/files/1/0623/2742/3043/files/6686733b202d1_874ab0cd-7595-497f-9e2f-04cb779fd5cc.jpg?v=1741935296,9,"",,,,,,,,,,,,,,,,,,,,,,,,,,
yesoul-c1a-exercise-bike-copy-copy,,,,,,,,,,,,,,,,,,,,,,,,,,,,https://cdn.shopify.com/s/files/1/0623/2742/3043/files/668673388a87d_53807b9a-c40a-4dc4-ad99-0f73fb606dd5.png?v=1741935296,10,"",,,,,,,,,,,,,,,,,,,,,,,,,,
yesoul-s3-indoor-cycling-fitness-bike-copy,Yesoul C1A Exercise Bike,"<p>The Yesoul C1A Exercise Bike features compatibility with Yesoul Fitness, Kinomap, and Zwift. With a 6kg flywheel and a small display for tracking fitness data, it supports up to 120kg and is powered by 5 AA batteries. Compact and lightweight for easy storage.</p>
<p>SOFTWARE SUPPORT: Yesoul Fitness/Kinomap/Zwift<br>FUNCTION: With a small display for viewing fitness data<br>FLYWHEEL WEIGHT: 6kg<br>RATED MAX WEIGHT: 120kg<br>POWER: 5AA battery<br>NW/GW: 28kg/30kg<br>PACKAGED DIMENTION: 940*210*800mm</p>",PicksmartStores,Sporting Goods > Fitness & General Exercise Equipment > Cardio > Cardio Machines > Exercise Bikes > Upright Exercise Bikes,"","",true,Color,black,product.metafields.shopify.color-pattern,,,,,,,c1A-1,30000.0,shopify,0,deny,manual,2399.00,3599.00,true,true,"",https://cdn.shopify.com/s/files/1/0623/2742/3043/files/66125ea5c05da_1.png?v=1741933356,1,"",false,,,994,,,,,,,,,,,,black; white,foldable,,,,,,kg,,1250.00,active
yesoul-s3-indoor-cycling-fitness-bike-copy,,,,,,,,,white,,,,,,,,c1A-2,30000.0,shopify,0,deny,manual,2399.00,3599.00,true,true,"",https://cdn.shopify.com/s/files/1/0623/2742/3043/files/66125ea5c0398.png?v=1741933356,2,"",,,,,,,,,,,,,,,,,,,,,,,kg,,1250.00,
yesoul-s3-indoor-cycling-fitness-bike-copy,,,,,,,,,,,,,,,,,,,,,,,,,,,,https://cdn.shopify.com/s/files/1/0623/2742/3043/files/66125ea84b69f.png?v=1741933356,3,"",,,,,,,,,,,,,,,,,,,,,,,,,,
yesoul-s3-indoor-cycling-fitness-bike-copy,,,,,,,,,,,,,,,,,,,,,,,,,,,,https://cdn.shopify.com/s/files/1/0623/2742/3043/files/66125ea537bc0.jpg?v=1741933356,4,"",,,,,,,,,,,,,,,,,,,,,,,,,,
yesoul-s3-indoor-cycling-fitness-bike-copy,,,,,,,,,,,,,,,,,,,,,,,,,,,,https://cdn.shopify.com/s/files/1/0623/2742/3043/files/66125ea81966c.jpg?v=1741933356,5,"",,,,,,,,,,,,,,,,,,,,,,,,,,
yesoul-s3-indoor-cycling-fitness-bike-copy,,,,,,,,,,,,,,,,,,,,,,,,,,,,https://cdn.shopify.com/s/files/1/0623/2742/3043/files/66125ea5c05da.png?v=1741933356,6,"",,,,,,,,,,,,,,,,,,,,,,,,,,
yesoul-s3-indoor-cycling-fitness-bike-copy,,,,,,,,,,,,,,,,,,,,,,,,,,,,https://cdn.shopify.com/s/files/1/0623/2742/3043/files/Screenshot2025-03-11101014.jpg?v=1741933356,7,"",,,,,,,,,,,,,,,,,,,,,,,,,,
yesoul-m1-fitness-bike-copy,Yesoul S3 Indoor Cycling Fitness Bike,"<p data-pm-slice=""1 1 []"">The Yesoul S3 Indoor Cycling Bike offers seamless integration with Yesoul Fitness, Zwift, and Kinomap. With a 6.5kg flywheel, it supports up to 120kg (264.55lbs) and features a compact design for easy storage. Certified with CE, ROHS, and REACH for safety.</p>
<p>SOFTWARE SUPPORT: Yesoul Fitness/Zwift/Kinomap<br>POWER SUPPORT: button battery(mold no.CR2477)<br>RATED MAX WEIGHT : 120kgs(264.55lbs)<br>NW/GW: 29.5kgs/35kgs<br>FLYWHEEL WEIGHT: 6.5kgs<br>PACKAGED SIZE: 965*220*950mm<br>CERTIFICATE: CE/ROHS/REACH</p>
<p> </p>",PicksmartStores,Sporting Goods > Fitness & General Exercise Equipment > Cardio > Cardio Machines > Exercise Bikes > Spin Exercise Bikes,"","",true,Title,Default Title,,,,,,,,S3,36000.0,shopify,0,deny,manual,2699.00,3599.00,true,true,,https://cdn.shopify.com/s/files/1/0623/2742/3043/files/202112201128188038.png?v=1741847286,1,"",false,,,994,,,,,,,,,,,,black; white,foldable,,,,,,kg,,1250.00,active
yesoul-m1-fitness-bike-copy,,,,,,,,,,,,,,,,,,,,,,,,,,,,https://cdn.shopify.com/s/files/1/0623/2742/3043/files/202111221122486258.jpg?v=1741847341,2,"",,,,,,,,,,,,,,,,,,,,,,,,,,
yesoul-m1-fitness-bike-copy,,,,,,,,,,,,,,,,,,,,,,,,,,,,https://cdn.shopify.com/s/files/1/0623/2742/3043/files/202111221122521074.jpg?v=1741847341,3,"",,,,,,,,,,,,,,,,,,,,,,,,,,
yesoul-m1-fitness-bike-copy,,,,,,,,,,,,,,,,,,,,,,,,,,,,https://cdn.shopify.com/s/files/1/0623/2742/3043/files/202111221122563233.jpg?v=1741847341,4,"",,,,,,,,,,,,,,,,,,,,,,,,,,
yesoul-m1-fitness-bike-copy,,,,,,,,,,,,,,,,,,,,,,,,,,,,https://cdn.shopify.com/s/files/1/0623/2742/3043/files/202111221122564902.jpg?v=1741847341,5,"",,,,,,,,,,,,,,,,,,,,,,,,,,
yesoul-m1-fitness-bike-copy,,,,,,,,,,,,,,,,,,,,,,,,,,,,https://cdn.shopify.com/s/files/1/0623/2742/3043/files/202112201128176383.jpg?v=1741847341,6,"",,,,,,,,,,,,,,,,,,,,,,,,,,
yesoul-m1-fitness-bike-copy,,,,,,,,,,,,,,,,,,,,,,,,,,,,https://cdn.shopify.com/s/files/1/0623/2742/3043/files/202112201128183032.jpg?v=1741847341,7,"",,,,,,,,,,,,,,,,,,,,,,,,,,
yesoul-m1-fitness-bike-copy,,,,,,,,,,,,,,,,,,,,,,,,,,,,https://cdn.shopify.com/s/files/1/0623/2742/3043/files/Screenshot2025-03-11100800.jpg?v=1741847341,8,"",,,,,,,,,,,,,,,,,,,,,,,,,,
yesoul-m1-fitness-bike,Yesoul M1 Fitness Bike,"<p>Experience a smooth and interactive workout with the Yesoul M1 Fitness Bike. Featuring Bluetooth connectivity for seamless integration with Yesoul Fitness, Zwift, and Kinomap, this smart bike enhances your fitness journey. With a sturdy 100kg max weight capacity, a 6.5kg flywheel for stable performance, and a compact design, it's perfect for home workouts. Stay motivated and connected while cycling your way to fitness!</p>
<p><br>CONNECTABLE DEVICE: Smartphone, tablet, Bluetooth 4.0 and above<br>SOFTWARE SUPPORT: Yesoul Fitness/Zwift/Kinomap<br>POWER SUPPORT: button battery(mold no.CR2477)<br>RATED MAX WEIGHT: 100kg(220.46lbs)<br>NW/GW: 33kg/36kg<br>FLYWHEEL WEIGHT: 6.5kg<br>PACKAGE SIZE: 965*220*950mm</p>",PicksmartStores,Sporting Goods > Fitness & General Exercise Equipment > Cardio > Cardio Machines > Exercise Bikes > Upright Exercise Bikes,"","",true,Color,black,product.metafields.shopify.color-pattern,,,,,,,M1,36000.0,shopify,0,deny,manual,2699.00,3599.00,true,true,"",https://cdn.shopify.com/s/files/1/0623/2742/3043/files/202111221108334443_06426c14-ad19-41a3-8661-8f799d3a5973.jpg?v=1741672201,1,"",false,,,994,,,,,,,,,,,,black; white,foldable,,,,,,kg,,1250.00,active
yesoul-m1-fitness-bike,,,,,,,,,white,,,,,,,,M2,36000.0,shopify,0,deny,manual,2699.00,3599.00,true,true,"",https://cdn.shopify.com/s/files/1/0623/2742/3043/files/202111221108348836_b78ddfb0-5015-4706-8685-223fa68f5b2c.jpg?v=1741672201,2,"",,,,,,,,,,,,,,,,,,,,,,,kg,,1250.00,
yesoul-m1-fitness-bike,,,,,,,,,,,,,,,,,,,,,,,,,,,,https://cdn.shopify.com/s/files/1/0623/2742/3043/files/202112201150369237_180df8b0-f0fd-4750-9fa3-efd2f93fbaab.jpg?v=1741672201,3,"",,,,,,,,,,,,,,,,,,,,,,,,,,
yesoul-m1-fitness-bike,,,,,,,,,,,,,,,,,,,,,,,,,,,,https://cdn.shopify.com/s/files/1/0623/2742/3043/files/202112201150373843_3018c9d7-839f-44a4-adbf-cea152fc750c.jpg?v=1741672201,4,"",,,,,,,,,,,,,,,,,,,,,,,,,,
yesoul-m1-fitness-bike,,,,,,,,,,,,,,,,,,,,,,,,,,,,https://cdn.shopify.com/s/files/1/0623/2742/3043/files/202112201150379741_1_deb3809e-5af1-4a74-9261-e0a49fa3ea89.png?v=1741672201,5,"",,,,,,,,,,,,,,,,,,,,,,,,,,
yesoul-m1-fitness-bike,,,,,,,,,,,,,,,,,,,,,,,,,,,,https://cdn.shopify.com/s/files/1/0623/2742/3043/files/202112201150379741_468fd94f-0a42-4fec-bff6-8c2f10867161.png?v=1741672201,6,"",,,,,,,,,,,,,,,,,,,,,,,,,,
yesoul-m1-fitness-bike,,,,,,,,,,,,,,,,,,,,,,,,,,,,https://cdn.shopify.com/s/files/1/0623/2742/3043/files/202112201150381210_3c4641c1-d97d-4551-b0d1-f44baedd683f.png?v=1741672201,7,"",,,,,,,,,,,,,,,,,,,,,,,,,,
yesoul-m1-fitness-bike,,,,,,,,,,,,,,,,,,,,,,,,,,,,https://cdn.shopify.com/s/files/1/0623/2742/3043/files/202112201150388271_5760a3ca-e952-4b54-835e-7fa03304e10e.jpg?v=1741672201,8,"",,,,,,,,,,,,,,,,,,,,,,,,,,
yesoul-m1-fitness-bike,,,,,,,,,,,,,,,,,,,,,,,,,,,,https://cdn.shopify.com/s/files/1/0623/2742/3043/files/Screenshot2025-03-11100659_7276af32-f9bc-457a-8094-3c149778ebeb.jpg?v=1741672201,9,"",,,,,,,,,,,,,,,,,,,,,,,,,,
aircraft-launcher-copy,Super Mario Water Game,"",Reemas Trading,Toys & Games > Toys > Activity Toys,Toys,"Accessories, Toys",true,Title,Default Title,,,,,,,,'563755,250.0,shopify,0,continue,manual,10.00,29.00,true,true,'563755,,,,false,,,3032,,,,,,,,,,,,,,,,,,,kg,,3.50,active
atm-saving-bank-bo-copy,Aircraft Launcher,"",Reemas Trading,Toys & Games > Toys > Flying Toys,Toys,"Accessories, Toys",true,Title,Default Title,,,,,,,,'565042,250.0,shopify,0,continue,manual,25.00,59.00,true,true,'565042,https://cdn.shopify.com/s/files/1/0623/2742/3043/files/20250103_222116.jpg?v=1739787273,1,"",false,,,3032,,,,,,,,,,,,,,,,,,,kg,,9.00,active
firework-bubble-gun-rechargeable-copy,ATM Saving Bank BO,"",Reemas Trading,Toys & Games > Toys > Activity Toys,Toys,"Accessories, Toys",true,Title,Default Title,,,,,,,,'564976,250.0,shopify,0,continue,manual,99.00,189.00,true,true,'564976,https://cdn.shopify.com/s/files/1/0623/2742/3043/files/20250103_235924.jpg?v=1739787151,1,"",false,,,3032,,,,,,,,,,,,,,,,,,,kg,,65.00,active
bey-blade-box-copy,Firework Bubble Gun (Rechargeable),"",Reemas Trading,Toys & Games > Toys > Activity Toys > Bubble Blowing Toys,Toys,"Accessories, Toys",true,Title,Default Title,,,,,,,,'564956,250.0,shopify,0,continue,manual,89.00,159.00,true,true,'564956,https://cdn.shopify.com/s/files/1/0623/2742/3043/files/20250103_213051.jpg?v=1739787077,1,"",false,,,3032,,,,,,,,,,,,,,,,,,,kg,,45.00,active
bey-blade-box-copy,,,,,,,,,,,,,,,,,,,,,,,,,,,,https://cdn.shopify.com/s/files/1/0623/2742/3043/files/20250103_213053.jpg?v=1739787077,2,"",,,,,,,,,,,,,,,,,,,,,,,,,,
vacuum-cleaner-for-kids-bo-copy,Bey Blade Box,"",Reemas Trading,Toys & Games > Toys > Activity Toys,Toys,"Accessories, Toys",true,Title,Default Title,,,,,,,,'562081,250.0,shopify,0,continue,manual,19.00,49.00,true,true,'562081,https://cdn.shopify.com/s/files/1/0623/2742/3043/files/20250102_234646.jpg?v=1739786914,1,"",false,,,3032,,,,,,,,,,,,,,,,,,,kg,,9.00,active
party-money-gun-bo-copy,Vacuum Cleaner for Kids BO,"",Reemas Trading,Toys & Games > Toys > Activity Toys,Toys,"Accessories, Toys",true,Title,Default Title,,,,,,,,'564951,250.0,shopify,0,continue,manual,99.00,169.00,true,true,'564951,https://cdn.shopify.com/s/files/1/0623/2742/3043/files/20250103_001903.jpg?v=1739785423,1,"",false,,,3032,,,,,,,,,,,,,,,,,,,kg,,60.00,active
party-money-gun-bo-copy,,,,,,,,,,,,,,,,,,,,,,,,,,,,https://cdn.shopify.com/s/files/1/0623/2742/3043/files/20250102_235224.jpg?v=1739785423,2,"",,,,,,,,,,,,,,,,,,,,,,,,,,
dancing-play-mat-bo-copy,Party Money Gun BO,"",Reemas Trading,Toys & Games > Toys > Activity Toys,Toys,"Accessories, Toys",true,Title,Default Title,,,,,,,,'564501,250.0,shopify,0,continue,manual,39.00,89.00,true,true,'564501,https://cdn.shopify.com/s/files/1/0623/2742/3043/files/20250102_225958.jpg?v=1739785196,1,"",false,,,3032,,,,,,,,,,,,,,,,,,,kg,,13.00,active
54-keys-electronic-keyboard-rechargeable-copy,Dancing Play Mat BO,"",Reemas Trading,Baby & Toddler > Baby Toys & Activity Equipment > Baby Activity Toys > Musical Toys,Toys,"Accessories, Toys",true,Title,Default Title,,,,,,,,'565001,250.0,shopify,0,continue,manual,99.00,169.00,true,true,'565001,https://cdn.shopify.com/s/files/1/0623/2742/3043/files/20250103_011025_-_Copy.jpg?v=1739785042,1,"",false,,,3032,,,,,,,,,,,,,,,,,,,kg,,50.00,active
54-keys-electronic-keyboard-rechargeable-copy,,,,,,,,,,,,,,,,,,,,,,,,,,,,https://cdn.shopify.com/s/files/1/0623/2742/3043/files/20250103_011012_-_Copy.jpg?v=1739785042,2,"",,,,,,,,,,,,,,,,,,,,,,,,,,
54-keys-electronic-keyboard-rechargeable-copy,,,,,,,,,,,,,,,,,,,,,,,,,,,,https://cdn.shopify.com/s/files/1/0623/2742/3043/files/20250103_011014_-_Copy.jpg?v=1739785029,3,"",,,,,,,,,,,,,,,,,,,,,,,,,,
kids-english-learning-chart-bo-copy,54 Keys Electronic Keyboard (Rechargeable),"",Reemas Trading,Toys & Games > Toys > Musical Toys > String Instruments,Toys,"Accessories, Toys",true,Title,Default Title,,,,,,,,'561004,250.0,shopify,0,continue,manual,59.00,99.00,true,true,'561004,https://cdn.shopify.com/s/files/1/0623/2742/3043/files/20241223_002820.jpg?v=1739784852,1,"",false,,,3032,,,,,,,,,,,,,,,,,,,kg,,32.00,active
fun-shopping-register-copy,Kids English Learning Chart BO,"",Reemas Trading,Toys & Games > Toys > Educational Toys,Toys,"Accessories, Toys",true,Title,Default Title,,,,,,,,'562208,250.0,shopify,0,continue,manual,29.00,49.00,true,true,'562208,,,,false,,,3032,,,,,,,,,,,,,,,,,,,kg,,14.00,active
kids-guitar-copy,Fun Shopping Register,"",Reemas Trading,Toys & Games > Toys > Pretend Play > Pretend Shopping & Grocery,Toys,"Accessories, Toys",true,Title,Default Title,,,,,,,,'561517,250.0,shopify,0,continue,manual,99.00,149.00,true,true,'561517,,,,false,,,3032,,,,,,,,,,,,,,,,,,,kg,,45.00,active
kitchen-counter-suit-2in1-copy,Kids Guitar,"",Reemas Trading,Toys & Games > Toys > Musical Toys > String Instruments,Toys,"Accessories, Toys",true,Title,Default Title,,,,,,,,'564160,250.0,shopify,0,continue,manual,29.00,49.00,true,true,'564160,,,,false,,,3032,,,,,,,,,,,,,,,,,,,kg,,12.00,active
music-bubble-gun-copy,Kitchen Counter Suit 2in1,"",Reemas Trading,Toys & Games > Toys > Pretend Play > Toy Kitchens & Play Food,Toys,"Accessories, Toys",true,Title,Default Title,,,,,,,,'561218,250.0,shopify,0,continue,manual,44.00,69.00,true,true,'561218,,,,false,,,3032,,,,,,,,,,,,,,,,,,,kg,,22.00,active
flying-snow-spirit-wings-copy,Music Bubble Gun,"",Reemas Trading,Toys & Games > Toys > Activity Toys > Bubble Blowing Toys,Toys,"Accessories, Toys",true,Title,Default Title,,,,,,,,'561929,250.0,shopify,0,continue,manual,29.00,59.00,true,true,'561929,,,,false,,,3032,,,,,,,,,,,,,,,,,,,kg,,14.00,active
kids-soft-backpack-copy,Flying Snow Spirit Wings,"",Reemas Trading,Toys & Games > Toys > Pretend Play,Toys,"Accessories, Toys",true,Title,Default Title,,,,,,,,'564838,250.0,shopify,0,continue,manual,99.00,149.00,true,true,'564838,,,,false,,,3032,,,,,,,,,,,,,,,,,,,kg,,49.00,active
kids-hand-bags-2nos-set-copy,Kids Soft Backpack,"",Reemas Trading,Luggage & Bags > Backpacks,Toys,"Accessories, Toys",true,Title,Default Title,,,,,,,,'564980,250.0,shopify,0,continue,manual,49.00,89.00,true,true,'564980,,,,false,,,3032,,,,,,,,,,,,,,,,,,,kg,,20.00,active
kids-hand-bags-2nos-set,Kids Hand Bags 2nos Set,"",Reemas Trading,"Apparel & Accessories > Handbags, Wallets & Cases > Handbags",Toys,"Accessories, Toys",true,Title,Default Title,,,,,,,,'564428,250.0,shopify,0,deny,manual,49.00,89.00,true,true,'564428,https://cdn.shopify.com/s/files/1/0623/2742/3043/files/20241208_215909.jpg?v=1739725874,1,"",false,,,3032,,,,,,,,,,,,,,,,,,,kg,,28.00,active
kids-hand-bags-2nos-set,,,,,,,,,,,,,,,,,,,,,,,,,,,,https://cdn.shopify.com/s/files/1/0623/2742/3043/files/20241208_215921.jpg?v=1739725873,2,"",,,,,,,,,,,,,,,,,,,,,,,,,,
kids-hand-bags-2nos-set,,,,,,,,,,,,,,,,,,,,,,,,,,,,https://cdn.shopify.com/s/files/1/0623/2742/3043/files/20241208_221300.jpg?v=1739725873,3,"",,,,,,,,,,,,,,,,,,,,,,,,,,
kids-hand-bags-2nos-set,,,,,,,,,,,,,,,,,,,,,,,,,,,,https://cdn.shopify.com/s/files/1/0623/2742/3043/files/20241208_221307.jpg?v=1739725873,4,"",,,,,,,,,,,,,,,,,,,,,,,,,,
kids-hand-bags-2nos-set,,,,,,,,,,,,,,,,,,,,,,,,,,,,https://cdn.shopify.com/s/files/1/0623/2742/3043/files/20241208_221321.jpg?v=1739725873,5,"",,,,,,,,,,,,,,,,,,,,,,,,,,
kids-hand-bags-2nos-set,,,,,,,,,,,,,,,,,,,,,,,,,,,,https://cdn.shopify.com/s/files/1/0623/2742/3043/files/20241208_221332.jpg?v=1739725873,6,"",,,,,,,,,,,,,,,,,,,,,,,,,,
kids-hand-bags-2nos-set,,,,,,,,,,,,,,,,,,,,,,,,,,,,https://cdn.shopify.com/s/files/1/0623/2742/3043/files/20241208_221336.jpg?v=1739725874,7,"",,,,,,,,,,,,,,,,,,,,,,,,,,
kids-hand-bags-2nos-set,,,,,,,,,,,,,,,,,,,,,,,,,,,,https://cdn.shopify.com/s/files/1/0623/2742/3043/files/20241208_221350.jpg?v=1739725874,8,"",,,,,,,,,,,,,,,,,,,,,,,,,,
kingsons-metropolitan-pro-backpack-copy,Kingsons VGoal Urban Voyager Backpack,"<p><span>Stylish, durable, and designed for your everyday adventures — carry the essentials with ease and elegance.</span><br><br><span>أنيقة، متينة، ومصممة لمغامراتك اليومية — احمل الأساسيات بسهولة وأناقة.</span></p>",My Store,Luggage & Bags > Backpacks,Kingsons,Backpacks,true,Color,black,product.metafields.shopify.color-pattern,,,,,,,KS3327W-1,500.0,shopify,8,continue,manual,129.00,169.00,true,false,KS3327W,https://cdn.shopify.com/s/files/1/0623/2742/3043/files/3327__02.jpg?v=1739727126,1,"",false,,,,,,,,,,,,,,,black; beige,,,,,,,kg,,53.00,active
kingsons-metropolitan-pro-backpack-copy,,,,,,,,,beige,,,,,,,,KS3327W-2,500.0,shopify,7,continue,manual,129.00,169.00,true,false,"",https://cdn.shopify.com/s/files/1/0623/2742/3043/files/3327__07.jpg?v=1739107195,2,"",,,,,,,,,,,,,,,,,,,,,,,kg,,53.00,
kingsons-metropolitan-pro-backpack-copy,,,,,,,,,,,,,,,,,,,,,,,,,,,,https://cdn.shopify.com/s/files/1/0623/2742/3043/files/3327__01.jpg?v=1739107195,3,"",,,,,,,,,,,,,,,,,,,,,,,,,,
kingsons-metropolitan-pro-backpack-copy,,,,,,,,,,,,,,,,,,,,,,,,,,,,https://cdn.shopify.com/s/files/1/0623/2742/3043/files/3327__04.jpg?v=1739107195,4,"",,,,,,,,,,,,,,,,,,,,,,,,,,
kingsons-metropolitan-pro-backpack-copy,,,,,,,,,,,,,,,,,,,,,,,,,,,,https://cdn.shopify.com/s/files/1/0623/2742/3043/files/3327__06.jpg?v=1739107195,5,"",,,,,,,,,,,,,,,,,,,,,,,,,,
kingsons-metropolitan-pro-backpack-copy,,,,,,,,,,,,,,,,,,,,,,,,,,,,https://cdn.shopify.com/s/files/1/0623/2742/3043/files/3327__08.jpg?v=1739107195,6,"",,,,,,,,,,,,,,,,,,,,,,,,,,
kingsons-metropolitan-pro-backpack-copy,,,,,,,,,,,,,,,,,,,,,,,,,,,,https://cdn.shopify.com/s/files/1/0623/2742/3043/files/3327__09.jpg?v=1739107195,7,"",,,,,,,,,,,,,,,,,,,,,,,,,,
kingsons-metropolitan-pro-backpack-copy,,,,,,,,,,,,,,,,,,,,,,,,,,,,https://cdn.shopify.com/s/files/1/0623/2742/3043/files/3327__10.jpg?v=1739107195,8,"",,,,,,,,,,,,,,,,,,,,,,,,,,
kingsons-metropolitan-pro-backpack-copy,,,,,,,,,,,,,,,,,,,,,,,,,,,,https://cdn.shopify.com/s/files/1/0623/2742/3043/files/3327__05.jpg?v=1739107195,9,"",,,,,,,,,,,,,,,,,,,,,,,,,,
kingsons-metropolitan-pro-backpack-copy,,,,,,,,,,,,,,,,,,,,,,,,,,,,https://cdn.shopify.com/s/files/1/0623/2742/3043/files/3327__03.jpg?v=1739107195,10,"",,,,,,,,,,,,,,,,,,,,,,,,,,
kingsons-elite-laptop-backpack-copy,Kingsons Metropolitan Pro Backpack,<p><span>Where sleek design meets ultimate functionality — perfect for the modern business commute.</span><br><br><span>حيث يلتقي التصميم الأنيق مع الوظائف العملية القصوى — مثالية لرحلات العمل العصرية.</span></p>,My Store,Luggage & Bags > Backpacks,Kingsons,Backpacks,true,Color,black,product.metafields.shopify.color-pattern,,,,,,,KS3265W-C,500.0,shopify,5,continue,manual,199.00,249.00,true,false,KS3265W-C,https://cdn.shopify.com/s/files/1/0623/2742/3043/files/KS3265W--1000-__14.jpg?v=1739727369,1,"",false,,,,,,,,,,,,,,,black,,,,,,,kg,,88.00,active
kingsons-elite-laptop-backpack-copy,,,,,,,,,,,,,,,,,,,,,,,,,,,,https://cdn.shopify.com/s/files/1/0623/2742/3043/files/KS3265W--1000-__01.jpg?v=1739727112,2,"",,,,,,,,,,,,,,,,,,,,,,,,,,
kingsons-elite-laptop-backpack-copy,,,,,,,,,,,,,,,,,,,,,,,,,,,,https://cdn.shopify.com/s/files/1/0623/2742/3043/files/KS3265W--1000-__02.jpg?v=1739727112,3,"",,,,,,,,,,,,,,,,,,,,,,,,,,
kingsons-elite-laptop-backpack-copy,,,,,,,,,,,,,,,,,,,,,,,,,,,,https://cdn.shopify.com/s/files/1/0623/2742/3043/files/KS3265W--1000-__03.jpg?v=1739727112,4,"",,,,,,,,,,,,,,,,,,,,,,,,,,
kingsons-elite-laptop-backpack-copy,,,,,,,,,,,,,,,,,,,,,,,,,,,,https://cdn.shopify.com/s/files/1/0623/2742/3043/files/KS3265W--1000-__04.jpg?v=1739727112,5,"",,,,,,,,,,,,,,,,,,,,,,,,,,
kingsons-elite-laptop-backpack-copy,,,,,,,,,,,,,,,,,,,,,,,,,,,,https://cdn.shopify.com/s/files/1/0623/2742/3043/files/KS3265W--1000-__05.jpg?v=1739727112,6,"",,,,,,,,,,,,,,,,,,,,,,,,,,
kingsons-elite-laptop-backpack-copy,,,,,,,,,,,,,,,,,,,,,,,,,,,,https://cdn.shopify.com/s/files/1/0623/2742/3043/files/KS3265W--1000-__06.jpg?v=1739727112,7,"",,,,,,,,,,,,,,,,,,,,,,,,,,
kingsons-elite-laptop-backpack-copy,,,,,,,,,,,,,,,,,,,,,,,,,,,,https://cdn.shopify.com/s/files/1/0623/2742/3043/files/KS3265W--1000-__07.jpg?v=1739727112,8,"",,,,,,,,,,,,,,,,,,,,,,,,,,
kingsons-elite-laptop-backpack-copy,,,,,,,,,,,,,,,,,,,,,,,,,,,,https://cdn.shopify.com/s/files/1/0623/2742/3043/files/KS3265W--1000-__08.jpg?v=1739727112,9,"",,,,,,,,,,,,,,,,,,,,,,,,,,
kingsons-elite-laptop-backpack-copy,,,,,,,,,,,,,,,,,,,,,,,,,,,,https://cdn.shopify.com/s/files/1/0623/2742/3043/files/KS3265W--1000-__09.jpg?v=1739727112,10,"",,,,,,,,,,,,,,,,,,,,,,,,,,
kingsons-elite-laptop-backpack-copy,,,,,,,,,,,,,,,,,,,,,,,,,,,,https://cdn.shopify.com/s/files/1/0623/2742/3043/files/KS3265W--1000-__10.jpg?v=1739727112,11,"",,,,,,,,,,,,,,,,,,,,,,,,,,
kingsons-elite-laptop-backpack-copy,,,,,,,,,,,,,,,,,,,,,,,,,,,,https://cdn.shopify.com/s/files/1/0623/2742/3043/files/KS3265W--1000-__11.jpg?v=1739727112,12,"",,,,,,,,,,,,,,,,,,,,,,,,,,
kingsons-elite-laptop-backpack-copy,,,,,,,,,,,,,,,,,,,,,,,,,,,,https://cdn.shopify.com/s/files/1/0623/2742/3043/files/KS3265W--1000-__12.jpg?v=1739727112,13,"",,,,,,,,,,,,,,,,,,,,,,,,,,
kingsons-elite-laptop-backpack-copy,,,,,,,,,,,,,,,,,,,,,,,,,,,,https://cdn.shopify.com/s/files/1/0623/2742/3043/files/KS3265W--1000-__13.jpg?v=1739727112,14,"",,,,,,,,,,,,,,,,,,,,,,,,,,
kingsons-elite-laptop-backpack-copy,,,,,,,,,,,,,,,,,,,,,,,,,,,,https://cdn.shopify.com/s/files/1/0623/2742/3043/files/KS3265W--1000-__15.jpg?v=1739107276,15,"",,,,,,,,,,,,,,,,,,,,,,,,,,
kingsons-elite-laptop-backpack-copy,,,,,,,,,,,,,,,,,,,,,,,,,,,,https://cdn.shopify.com/s/files/1/0623/2742/3043/files/KS3265W--1000-__16.jpg?v=1739107276,16,"",,,,,,,,,,,,,,,,,,,,,,,,,,
vgoal-urbanpro-daily-backpack-copy,Kingsons Elite Laptop Backpack,"<p><span>Stylish, spacious, and perfect for everyday essentials.</span><br><br><span>أنيقة، فسيحة، ومثالية للاحتياجات اليومية.</span></p>",My Store,Luggage & Bags > Backpacks > Laptop Backpacks,Kingsons,Backpacks,true,Color,black,product.metafields.shopify.color-pattern,,,,,,,KS3257W,500.0,shopify,6,continue,manual,149.00,199.00,true,false,KS3257W,https://cdn.shopify.com/s/files/1/0623/2742/3043/files/KS3257W--1000__03_70448726-fbed-4b67-99a6-b58eedff79f6.jpg?v=1739727081,1,"",false,,,,,,,,,,,,,,,black,,,,,,,kg,,54.00,active
vgoal-urbanpro-daily-backpack-copy,,,,,,,,,,,,,,,,,,,,,,,,,,,,https://cdn.shopify.com/s/files/1/0623/2742/3043/files/KS3257W--1000__01.jpg?v=1740069725,2,"",,,,,,,,,,,,,,,,,,,,,,,,,,
vgoal-urbanpro-daily-backpack-copy,,,,,,,,,,,,,,,,,,,,,,,,,,,,https://cdn.shopify.com/s/files/1/0623/2742/3043/files/KS3257W--1000__02.jpg?v=1739727046,3,"",,,,,,,,,,,,,,,,,,,,,,,,,,
vgoal-urbanpro-daily-backpack-copy,,,,,,,,,,,,,,,,,,,,,,,,,,,,https://cdn.shopify.com/s/files/1/0623/2742/3043/files/KS3257W--1000__03.jpg?v=1739727046,4,"",,,,,,,,,,,,,,,,,,,,,,,,,,
vgoal-urbanpro-daily-backpack-copy,,,,,,,,,,,,,,,,,,,,,,,,,,,,https://cdn.shopify.com/s/files/1/0623/2742/3043/files/KS3257W--1000__04.jpg?v=1739727046,5,"",,,,,,,,,,,,,,,,,,,,,,,,,,
vgoal-urbanpro-daily-backpack-copy,,,,,,,,,,,,,,,,,,,,,,,,,,,,https://cdn.shopify.com/s/files/1/0623/2742/3043/files/KS3257W--1000__05.jpg?v=1739727046,6,"",,,,,,,,,,,,,,,,,,,,,,,,,,
vgoal-urbanpro-daily-backpack-copy,,,,,,,,,,,,,,,,,,,,,,,,,,,,https://cdn.shopify.com/s/files/1/0623/2742/3043/files/KS3257W--1000__06.jpg?v=1739727046,7,"",,,,,,,,,,,,,,,,,,,,,,,,,,
vgoal-urbanpro-daily-backpack-copy,,,,,,,,,,,,,,,,,,,,,,,,,,,,https://cdn.shopify.com/s/files/1/0623/2742/3043/files/KS3257W--1000__07.jpg?v=1739727046,8,"",,,,,,,,,,,,,,,,,,,,,,,,,,
vgoal-urbanpro-daily-backpack-copy,,,,,,,,,,,,,,,,,,,,,,,,,,,,https://cdn.shopify.com/s/files/1/0623/2742/3043/files/KS3257W--1000__08.jpg?v=1739727046,9,"",,,,,,,,,,,,,,,,,,,,,,,,,,
vgoal-urbanpro-daily-backpack-copy,,,,,,,,,,,,,,,,,,,,,,,,,,,,https://cdn.shopify.com/s/files/1/0623/2742/3043/files/KS3257W--1000__09.jpg?v=1739727046,10,"",,,,,,,,,,,,,,,,,,,,,,,,,,
vgoal-urbanpro-daily-backpack-copy,,,,,,,,,,,,,,,,,,,,,,,,,,,,https://cdn.shopify.com/s/files/1/0623/2742/3043/files/KS3257W--1000__10.jpg?v=1739727046,11,"",,,,,,,,,,,,,,,,,,,,,,,,,,
vgoal-urbanpro-daily-backpack-copy,,,,,,,,,,,,,,,,,,,,,,,,,,,,https://cdn.shopify.com/s/files/1/0623/2742/3043/files/KS3257W--1000__11.jpg?v=1739727046,12,"",,,,,,,,,,,,,,,,,,,,,,,,,,
vgoal-urbanpro-daily-backpack-copy,,,,,,,,,,,,,,,,,,,,,,,,,,,,https://cdn.shopify.com/s/files/1/0623/2742/3043/files/KS3257W--1000__12.jpg?v=1739727046,13,"",,,,,,,,,,,,,,,,,,,,,,,,,,
vgoal-urbanpro-daily-backpack-copy,,,,,,,,,,,,,,,,,,,,,,,,,,,,https://cdn.shopify.com/s/files/1/0623/2742/3043/files/KS3257W--1000__13.jpg?v=1739727046,14,"",,,,,,,,,,,,,,,,,,,,,,,,,,
vgoal-women-daily-backpack-copy,VGoal UrbanPro Daily Backpack,<p><span>Elevate your style with the modern and versatile UrbanPro Backpack.</span><br><br><span>ارفعِ أناقتك مع حقيبة UrbanPro العصرية والمتعددة الاستخدامات.</span></p>,My Store,Luggage & Bags > Backpacks,Kingsons,Backpacks,true,Color,black,product.metafields.shopify.color-pattern,,,,,,,KS3223W,500.0,shopify,6,continue,manual,149.00,199.00,true,false,KS3223W,https://cdn.shopify.com/s/files/1/0623/2742/3043/files/KS3223W_--1000-17.jpg?v=1739727429,1,"",false,,,,,,,,,,,,,,,black,,,,,,,kg,,62.00,active
vgoal-women-daily-backpack-copy,,,,,,,,,,,,,,,,,,,,,,,,,,,,https://cdn.shopify.com/s/files/1/0623/2742/3043/files/KS3223W_--1000_01.jpg?v=1739726812,2,"",,,,,,,,,,,,,,,,,,,,,,,,,,
vgoal-women-daily-backpack-copy,,,,,,,,,,,,,,,,,,,,,,,,,,,,https://cdn.shopify.com/s/files/1/0623/2742/3043/files/KS3223W_--1000_02.jpg?v=1739726812,3,"",,,,,,,,,,,,,,,,,,,,,,,,,,
vgoal-women-daily-backpack-copy,,,,,,,,,,,,,,,,,,,,,,,,,,,,https://cdn.shopify.com/s/files/1/0623/2742/3043/files/KS3223W_--1000_03.jpg?v=1739726812,4,"",,,,,,,,,,,,,,,,,,,,,,,,,,
vgoal-women-daily-backpack-copy,,,,,,,,,,,,,,,,,,,,,,,,,,,,https://cdn.shopify.com/s/files/1/0623/2742/3043/files/KS3223W_--1000_04.jpg?v=1739726812,5,"",,,,,,,,,,,,,,,,,,,,,,,,,,
vgoal-women-daily-backpack-copy,,,,,,,,,,,,,,,,,,,,,,,,,,,,https://cdn.shopify.com/s/files/1/0623/2742/3043/files/KS3223W_--1000-09.jpg?v=1739726812,6,"",,,,,,,,,,,,,,,,,,,,,,,,,,
vgoal-women-daily-backpack-copy,,,,,,,,,,,,,,,,,,,,,,,,,,,,https://cdn.shopify.com/s/files/1/0623/2742/3043/files/KS3223W_--1000_05.jpg?v=1739726807,7,"",,,,,,,,,,,,,,,,,,,,,,,,,,
vgoal-women-daily-backpack-copy,,,,,,,,,,,,,,,,,,,,,,,,,,,,https://cdn.shopify.com/s/files/1/0623/2742/3043/files/KS3223W_--1000_06.jpg?v=1739726807,8,"",,,,,,,,,,,,,,,,,,,,,,,,,,
vgoal-women-daily-backpack-copy,,,,,,,,,,,,,,,,,,,,,,,,,,,,https://cdn.shopify.com/s/files/1/0623/2742/3043/files/KS3223W_--1000-07.jpg?v=1739726807,9,"",,,,,,,,,,,,,,,,,,,,,,,,,,
vgoal-women-daily-backpack-copy,,,,,,,,,,,,,,,,,,,,,,,,,,,,https://cdn.shopify.com/s/files/1/0623/2742/3043/files/KS3223W_--1000-08.jpg?v=1739726807,10,"",,,,,,,,,,,,,,,,,,,,,,,,,,
vgoal-women-daily-backpack-copy,,,,,,,,,,,,,,,,,,,,,,,,,,,,https://cdn.shopify.com/s/files/1/0623/2742/3043/files/KS3223W_--1000-10.jpg?v=1739726807,11,"",,,,,,,,,,,,,,,,,,,,,,,,,,
vgoal-women-daily-backpack-copy,,,,,,,,,,,,,,,,,,,,,,,,,,,,https://cdn.shopify.com/s/files/1/0623/2742/3043/files/KS3223W_--1000-11.jpg?v=1739726807,12,"",,,,,,,,,,,,,,,,,,,,,,,,,,
vgoal-women-daily-backpack-copy,,,,,,,,,,,,,,,,,,,,,,,,,,,,https://cdn.shopify.com/s/files/1/0623/2742/3043/files/KS3223W_--1000-12.jpg?v=1739726807,13,"",,,,,,,,,,,,,,,,,,,,,,,,,,
vgoal-women-daily-backpack-copy,,,,,,,,,,,,,,,,,,,,,,,,,,,,https://cdn.shopify.com/s/files/1/0623/2742/3043/files/KS3223W_--1000-13.jpg?v=1739726807,14,"",,,,,,,,,,,,,,,,,,,,,,,,,,
vgoal-women-daily-backpack-copy,,,,,,,,,,,,,,,,,,,,,,,,,,,,https://cdn.shopify.com/s/files/1/0623/2742/3043/files/KS3223W_--1000-14.jpg?v=1739726807,15,"",,,,,,,,,,,,,,,,,,,,,,,,,,
vgoal-women-daily-backpack-copy,,,,,,,,,,,,,,,,,,,,,,,,,,,,https://cdn.shopify.com/s/files/1/0623/2742/3043/files/KS3223W_--1000-15.jpg?v=1739726807,16,"",,,,,,,,,,,,,,,,,,,,,,,,,,
vgoal-women-daily-backpack-copy,,,,,,,,,,,,,,,,,,,,,,,,,,,,https://cdn.shopify.com/s/files/1/0623/2742/3043/files/KS3223W_--1000-16.jpg?v=1739726807,17,"",,,,,,,,,,,,,,,,,,,,,,,,,,
vgoal-women-daily-backpack-copy,,,,,,,,,,,,,,,,,,,,,,,,,,,,https://cdn.shopify.com/s/files/1/0623/2742/3043/files/KS3223W_--1000-18.jpg?v=1739036313,18,"",,,,,,,,,,,,,,,,,,,,,,,,,,
kingsons-vgoal-horizon-duffle-backpack-copy,VGoal Women Daily Backpack,<p><span>Effortless style and practicality – the VGoal Women Daily Backpack is your ultimate daily companion.</span><br><br><span>أناقة بلا مجهود وعملية مثالية - حقيبة الظهر اليومية للنساء VGoal هي رفيقتك المثالية لكل يوم.</span></p>,My Store,Luggage & Bags > Backpacks,Kingsons,Backpacks,true,Color,yellow,product.metafields.shopify.color-pattern,,,,,,,"",500.0,shopify,12,continue,manual,119.00,149.00,true,false,"",https://cdn.shopify.com/s/files/1/0623/2742/3043/files/IMG_6548.jpg?v=1739726785,1,"",false,,,,,,,,,,,,,,,yellow,,,,,,,kg,,44.00,active
kingsons-vgoal-horizon-duffle-backpack-copy,,,,,,,,,,,,,,,,,,,,,,,,,,,,https://cdn.shopify.com/s/files/1/0623/2742/3043/files/IMG_6532.jpg?v=1739726785,2,"",,,,,,,,,,,,,,,,,,,,,,,,,,
kingsons-vgoal-horizon-duffle-backpack-copy,,,,,,,,,,,,,,,,,,,,,,,,,,,,https://cdn.shopify.com/s/files/1/0623/2742/3043/files/IMG_6561.jpg?v=1739107301,3,"",,,,,,,,,,,,,,,,,,,,,,,,,,
kingsons-vgoal-horizon-duffle-backpack-copy,,,,,,,,,,,,,,,,,,,,,,,,,,,,https://cdn.shopify.com/s/files/1/0623/2742/3043/files/12000-2000_1.jpg?v=1739107301,4,"",,,,,,,,,,,,,,,,,,,,,,,,,,
kingsons-vgoal-horizon-duffle-backpack-copy,,,,,,,,,,,,,,,,,,,,,,,,,,,,https://cdn.shopify.com/s/files/1/0623/2742/3043/files/12000-2000_5.jpg?v=1739107328,5,"",,,,,,,,,,,,,,,,,,,,,,,,,,
kingsons-vgoal-horizon-duffle-backpack-copy,,,,,,,,,,,,,,,,,,,,,,,,,,,,https://cdn.shopify.com/s/files/1/0623/2742/3043/files/12000-2000_2.jpg?v=1739107328,6,"",,,,,,,,,,,,,,,,,,,,,,,,,,
kingsons-vgoal-horizon-duffle-backpack-copy,,,,,,,,,,,,,,,,,,,,,,,,,,,,https://cdn.shopify.com/s/files/1/0623/2742/3043/files/12000-2000_3.jpg?v=1739107328,7,"",,,,,,,,,,,,,,,,,,,,,,,,,,
kingsons-vgoal-horizon-duffle-backpack-copy,,,,,,,,,,,,,,,,,,,,,,,,,,,,https://cdn.shopify.com/s/files/1/0623/2742/3043/files/12000-2000_4.jpg?v=1739107328,8,"",,,,,,,,,,,,,,,,,,,,,,,,,,
kingsons-vgoal-horizon-duffle-backpack-copy,,,,,,,,,,,,,,,,,,,,,,,,,,,,https://cdn.shopify.com/s/files/1/0623/2742/3043/files/spec6323.jpg?v=1739107328,9,"",,,,,,,,,,,,,,,,,,,,,,,,,,
kingsons-vgoal-horizon-duffle-backpack-copy,,,,,,,,,,,,,,,,,,,,,,,,,,,,https://cdn.shopify.com/s/files/1/0623/2742/3043/files/CopyofK0052W-B-DailyBackpack.png?v=1739107328,10,"",,,,,,,,,,,,,,,,,,,,,,,,,,
kingsons-vgoal-duotone-edge-work-backpack-copy,Kingsons VGoal Horizon Duffle Backpack,"",My Store,Luggage & Bags > Duffel Bags,Kingsons,Backpacks,true,Color,yellow,product.metafields.shopify.color-pattern,,,,,,,FG6321W,500.0,shopify,-7,continue,manual,99.00,149.00,true,false,FG6321W,https://cdn.shopify.com/s/files/1/0623/2742/3043/files/1_dcaaf443-3834-497d-a13f-b2d1a730fa82.jpg?v=1739726753,1,"",false,,,103,,,,,,,,,,,,yellow,,,,,,,kg,,44.00,active
kingsons-vgoal-duotone-edge-work-backpack-copy,,,,,,,,,,,,,,,,,,,,,,,,,,,,https://cdn.shopify.com/s/files/1/0623/2742/3043/files/2.1.jpg?v=1739107378,2,"",,,,,,,,,,,,,,,,,,,,,,,,,,
kingsons-vgoal-duotone-edge-work-backpack-copy,,,,,,,,,,,,,,,,,,,,,,,,,,,,https://cdn.shopify.com/s/files/1/0623/2742/3043/files/3.png?v=1739107378,3,"",,,,,,,,,,,,,,,,,,,,,,,,,,
kingsons-vgoal-duotone-edge-work-backpack-copy,,,,,,,,,,,,,,,,,,,,,,,,,,,,https://cdn.shopify.com/s/files/1/0623/2742/3043/files/2000-2000_1.jpg?v=1739107378,4,"",,,,,,,,,,,,,,,,,,,,,,,,,,
kingsons-vgoal-duotone-edge-work-backpack-copy,,,,,,,,,,,,,,,,,,,,,,,,,,,,https://cdn.shopify.com/s/files/1/0623/2742/3043/files/2000-2000_2.jpg?v=1739107378,5,"",,,,,,,,,,,,,,,,,,,,,,,,,,
kingsons-vgoal-duotone-edge-work-backpack-copy,,,,,,,,,,,,,,,,,,,,,,,,,,,,https://cdn.shopify.com/s/files/1/0623/2742/3043/files/2000-2000_3.jpg?v=1739107378,6,"",,,,,,,,,,,,,,,,,,,,,,,,,,
kingsons-vgoal-duotone-edge-work-backpack-copy,,,,,,,,,,,,,,,,,,,,,,,,,,,,https://cdn.shopify.com/s/files/1/0623/2742/3043/files/2000-2000_4.jpg?v=1739107378,7,"",,,,,,,,,,,,,,,,,,,,,,,,,,
kingsons-vgoal-duotone-edge-work-backpack-copy,,,,,,,,,,,,,,,,,,,,,,,,,,,,https://cdn.shopify.com/s/files/1/0623/2742/3043/files/2000-2000_5.jpg?v=1739107378,8,"",,,,,,,,,,,,,,,,,,,,,,,,,,
kingsons-vgoal-duotone-edge-work-backpack-copy,,,,,,,,,,,,,,,,,,,,,,,,,,,,https://cdn.shopify.com/s/files/1/0623/2742/3043/files/2000-2000_6.jpg?v=1739107378,9,"",,,,,,,,,,,,,,,,,,,,,,,,,,
kingsons-vgoal-duotone-edge-work-backpack-copy,,,,,,,,,,,,,,,,,,,,,,,,,,,,https://cdn.shopify.com/s/files/1/0623/2742/3043/files/K10105W-FG6321W-TravelBag.png?v=1739107378,10,"",,,,,,,,,,,,,,,,,,,,,,,,,,
kingsons-vgoal-securepro-backpack-copy,Kingsons VGoal DuoTone Edge Work Backpack,"",My Store,Luggage & Bags > Backpacks,Kingsons,Backpacks,true,Color,black,product.metafields.shopify.color-pattern,,,,,,,FG6320W-1,500.0,shopify,-16,continue,manual,99.00,249.00,true,false,FG6320W,https://cdn.shopify.com/s/files/1/0623/2742/3043/files/IMG_9748.jpg?v=1739727315,1,"",false,,,,,,,,,,,,,,,black; yellow; brown,,,,,,,kg,,92.51,active
kingsons-vgoal-securepro-backpack-copy,,,,,,,,,yellow,,,,,,,,FG6320W-2,500.0,shopify,8,continue,manual,99.00,249.00,true,false,"",https://cdn.shopify.com/s/files/1/0623/2742/3043/files/IMG_9779.jpg?v=1739726734,2,"",,,,,,,,,,,,,,,,,,,,,,,kg,,92.51,
kingsons-vgoal-securepro-backpack-copy,,,,,,,,,brown,,,,,,,,FG6320W-3,500.0,shopify,8,continue,manual,99.00,249.00,true,false,"",https://cdn.shopify.com/s/files/1/0623/2742/3043/files/IMG_4573.jpg?v=1739107458,3,"",,,,,,,,,,,,,,,,,,,,,,,kg,,92.51,
kingsons-vgoal-securepro-backpack-copy,,,,,,,,,,,,,,,,,,,,,,,,,,,,https://cdn.shopify.com/s/files/1/0623/2742/3043/files/IMG_4284.jpg?v=1739107458,4,"",,,,,,,,,,,,,,,,,,,,,,,,,,
kingsons-vgoal-securepro-backpack-copy,,,,,,,,,,,,,,,,,,,,,,,,,,,,https://cdn.shopify.com/s/files/1/0623/2742/3043/files/IMG_4574.jpg?v=1739107456,5,"",,,,,,,,,,,,,,,,,,,,,,,,,,
kingsons-vgoal-securepro-backpack-copy,,,,,,,,,,,,,,,,,,,,,,,,,,,,https://cdn.shopify.com/s/files/1/0623/2742/3043/files/IMG_7083.jpg?v=1739107456,6,"",,,,,,,,,,,,,,,,,,,,,,,,,,
kingsons-vgoal-securepro-backpack-copy,,,,,,,,,,,,,,,,,,,,,,,,,,,,https://cdn.shopify.com/s/files/1/0623/2742/3043/files/IMG_9334.jpg?v=1739107456,7,"",,,,,,,,,,,,,,,,,,,,,,,,,,
kingsons-vgoal-securepro-backpack-copy,,,,,,,,,,,,,,,,,,,,,,,,,,,,https://cdn.shopify.com/s/files/1/0623/2742/3043/files/IMG_9354.jpg?v=1739107456,8,"",,,,,,,,,,,,,,,,,,,,,,,,,,
kingsons-vgoal-securepro-backpack-copy,,,,,,,,,,,,,,,,,,,,,,,,,,,,https://cdn.shopify.com/s/files/1/0623/2742/3043/files/IMG_9373.jpg?v=1739107456,9,"",,,,,,,,,,,,,,,,,,,,,,,,,,
kingsons-vgoal-securepro-backpack-copy,,,,,,,,,,,,,,,,,,,,,,,,,,,,https://cdn.shopify.com/s/files/1/0623/2742/3043/files/IMG_9764.jpg?v=1739107453,10,"",,,,,,,,,,,,,,,,,,,,,,,,,,
kingsons-vgoal-securepro-backpack-copy,,,,,,,,,,,,,,,,,,,,,,,,,,,,https://cdn.shopify.com/s/files/1/0623/2742/3043/files/IMG_9769.jpg?v=1739107453,11,"",,,,,,,,,,,,,,,,,,,,,,,,,,
kingsons-vgoal-securepro-backpack-copy,,,,,,,,,,,,,,,,,,,,,,,,,,,,https://cdn.shopify.com/s/files/1/0623/2742/3043/files/IMG_9775.jpg?v=1739107453,12,"",,,,,,,,,,,,,,,,,,,,,,,,,,
kingsons-vgoal-securepro-backpack,Kingsons VGoal SecurePro Backpack,"",My Store,Luggage & Bags > Backpacks,Kingsons,"",true,Color,black,product.metafields.shopify.color-pattern,,,,,,,FG6319W,500.0,shopify,3,continue,manual,199.00,249.00,true,false,FG6319W,https://cdn.shopify.com/s/files/1/0623/2742/3043/files/8.jpg?v=1739726708,1,"",false,,,,,,,,,,,,,,,black,,,,,,,kg,,92.51,active
kingsons-vgoal-securepro-backpack,,,,,,,,,,,,,,,,,,,,,,,,,,,,https://cdn.shopify.com/s/files/1/0623/2742/3043/files/6.jpg?v=1739726708,2,"",,,,,,,,,,,,,,,,,,,,,,,,,,
kingsons-vgoal-securepro-backpack,,,,,,,,,,,,,,,,,,,,,,,,,,,,https://cdn.shopify.com/s/files/1/0623/2742/3043/files/1.jpg?v=1739726708,3,"",,,,,,,,,,,,,,,,,,,,,,,,,,
kingsons-vgoal-securepro-backpack,,,,,,,,,,,,,,,,,,,,,,,,,,,,https://cdn.shopify.com/s/files/1/0623/2742/3043/files/2.jpg?v=1739726708,4,"",,,,,,,,,,,,,,,,,,,,,,,,,,
kingsons-vgoal-securepro-backpack,,,,,,,,,,,,,,,,,,,,,,,,,,,,https://cdn.shopify.com/s/files/1/0623/2742/3043/files/3.jpg?v=1739726708,5,"",,,,,,,,,,,,,,,,,,,,,,,,,,
kingsons-vgoal-securepro-backpack,,,,,,,,,,,,,,,,,,,,,,,,,,,,https://cdn.shopify.com/s/files/1/0623/2742/3043/files/4.jpg?v=1739726708,6,"",,,,,,,,,,,,,,,,,,,,,,,,,,
kingsons-vgoal-securepro-backpack,,,,,,,,,,,,,,,,,,,,,,,,,,,,https://cdn.shopify.com/s/files/1/0623/2742/3043/files/5.jpg?v=1739726708,7,"",,,,,,,,,,,,,,,,,,,,,,,,,,
kingsons-vgoal-securepro-backpack,,,,,,,,,,,,,,,,,,,,,,,,,,,,https://cdn.shopify.com/s/files/1/0623/2742/3043/files/7.jpg?v=1739726708,8,"",,,,,,,,,,,,,,,,,,,,,,,,,,
kingsons-vgoal-securepro-backpack,,,,,,,,,,,,,,,,,,,,,,,,,,,,https://cdn.shopify.com/s/files/1/0623/2742/3043/files/IMG_17748.jpg?v=1739726708,9,"",,,,,,,,,,,,,,,,,,,,,,,,,,
